label,X0,Y0,W0,L0,X1,Y1,W1,L1,X2,Y2,W2,L2,X3,Y3,W3,L3,X4,Y4,W4,L4,X5,Y5,W5,L5,X6,Y6,W6,L6,X7,Y7,W7,L7,X8,Y8,W8,L8,X9,Y9,W9,L9,X10,Y10,W10,L10,X11,Y11,W11,L11,X12,Y12,W12,L12,X13,Y13,W13,L13,X14,Y14,W14,L14,X15,Y15,W15,L15,X16,Y16,W16,L16,X17,Y17,W17,L17,X18,Y18,W18,L18,X19,Y19,W19,L19,X20,Y20,W20,L20,X21,Y21,W21,L21,X22,Y22,W22,L22,X23,Y23,W23,L23,X24,Y24,W24,L24,X25,Y25,W25,L25,X26,Y26,W26,L26,X27,Y27,W27,L27,X28,Y28,W28,L28,X29,Y29,W29,L29,X30,Y30,W30,L30,X31,Y31,W31,L31,X32,Y32,W32,L32,X33,Y33,W33,L33,X34,Y34,W34,L34,X35,Y35,W35,L35,X36,Y36,W36,L36,X37,Y37,W37,L37,X38,Y38,W38,L38,X39,Y39,W39,L39,X40,Y40,W40,L40,X41,Y41,W41,L41,X42,Y42,W42,L42,X43,Y43,W43,L43,X44,Y44,W44,L44,X45,Y45,W45,L45,X46,Y46,W46,L46,X47,Y47,W47,L47,X48,Y48,W48,L48,X49,Y49,W49,L49,X50,Y50,W50,L50,X51,Y51,W51,L51,X52,Y52,W52,L52,X53,Y53,W53,L53,X54,Y54,W54,L54,X55,Y55,W55,L55,X56,Y56,W56,L56,X57,Y57,W57,L57,X58,Y58,W58,L58,X59,Y59,W59,L59,X60,Y60,W60,L60,X61,Y61,W61,L61,X62,Y62,W62,L62,X63,Y63,W63,L63,X64,Y64,W64,L64,X65,Y65,W65,L65,X66,Y66,W66,L66,X67,Y67,W67,L67,X68,Y68,W68,L68,X69,Y69,W69,L69,X70,Y70,W70,L70,X71,Y71,W71,L71,X72,Y72,W72,L72,X73,Y73,W73,L73,X74,Y74,W74,L74,X75,Y75,W75,L75,X76,Y76,W76,L76,X77,Y77,W77,L77,X78,Y78,W78,L78,X79,Y79,W79,L79,X80,Y80,W80,L80,X81,Y81,W81,L81,X82,Y82,W82,L82,X83,Y83,W83,L83,X84,Y84,W84,L84,X85,Y85,W85,L85,X86,Y86,W86,L86,X87,Y87,W87,L87,X88,Y88,W88,L88,X89,Y89,W89,L89,X90,Y90,W90,L90,X91,Y91,W91,L91,X92,Y92,W92,L92,X93,Y93,W93,L93,X94,Y94,W94,L94,X95,Y95,W95,L95,X96,Y96,W96,L96,X97,Y97,W97,L97,X98,Y98,W98,L98,X99,Y99,W99,L99,X100,Y100,W100,L100,X101,Y101,W101,L101,X102,Y102,W102,L102,X103,Y103,W103,L103,X104,Y104,W104,L104,X105,Y105,W105,L105,X106,Y106,W106,L106,X107,Y107,W107,L107,X108,Y108,W108,L108,X109,Y109,W109,L109,X110,Y110,W110,L110,X111,Y111,W111,L111,X112,Y112,W112,L112,X113,Y113,W113,L113,X114,Y114,W114,L114,X115,Y115,W115,L115,X116,Y116,W116,L116,X117,Y117,W117,L117,X118,Y118,W118,L118,X119,Y119,W119,L119,X120,Y120,W120,L120,X121,Y121,W121,L121,X122,Y122,W122,L122,X123,Y123,W123,L123,X124,Y124,W124,L124,X125,Y125,W125,L125,X126,Y126,W126,L126,X127,Y127,W127,L127,X128,Y128,W128,L128,X129,Y129,W129,L129,X130,Y130,W130,L130,X131,Y131,W131,L131,X132,Y132,W132,L132,X133,Y133,W133,L133,X134,Y134,W134,L134,X135,Y135,W135,L135,X136,Y136,W136,L136,X137,Y137,W137,L137,X138,Y138,W138,L138,X139,Y139,W139,L139,X140,Y140,W140,L140,X141,Y141,W141,L141,X142,Y142,W142,L142,X143,Y143,W143,L143,X144,Y144,W144,L144,X145,Y145,W145,L145,X146,Y146,W146,L146,X147,Y147,W147,L147,X148,Y148,W148,L148,X149,Y149,W149,L149,phone,student name,id,date,ip,model
F,250,250,206,206,251,248,209,209,248,249,210,210,242,248,216,216,236,242,214,214,239,241,208,208,242,241,206,206,237,241,214,214,237,243,211,211,236,246,209,209,235,248,208,208,237,245,210,210,236,241,213,213,236,241,214,214,237,244,210,210,243,229,205,205,248,231,198,198,248,231,198,198,248,231,199,199,247,243,207,207,242,241,213,213,236,245,215,215,233,248,211,211,234,249,211,211,227,244,218,218,232,246,213,213,232,244,213,213,231,247,213,213,232,247,213,213,234,246,211,211,231,246,214,214,232,247,213,213,232,246,213,213,231,246,215,215,231,244,214,214,229,241,216,216,209,231,206,206,116,219,213,213,39,214,236,236,4,214,243,243,17,206,240,240,24,201,243,243,31,207,237,237,30,200,234,234,25,199,238,238,27,195,232,232,25,192,242,242,30,192,237,237,30,199,234,234,25,196,239,239,21,194,240,240,18,194,239,239,21,197,239,239,22,196,236,235,22,197,236,236,24,194,237,237,25,196,238,238,24,195,239,239,38,198,234,234,113,212,251,251,171,233,260,260,214,246,253,253,198,246,273,273,186,246,275,275,193,248,260,260,178,250,291,291,176,259,293,293,180,228,299,299,180,219,298,298,182,224,294,294,180,216,299,299,185,223,288,288,223,205,280,280,293,179,257,257,393,172,237,237,424,163,259,259,0,0,0,0,424,200,305,305,0,0,0,0,440,154,249,249,435,158,275,275,438,167,268,268,440,168,274,274,0,0,0,0,0,0,0,0,0,0,0,0,0,0,0,0,0,0,0,0,0,0,0,0,0,0,0,0,0,0,0,0,0,0,0,0,0,0,0,0,0,0,0,0,0,0,0,0,0,0,0,0,444,190,263,263,360,192,278,278,298,215,269,269,260,230,269,269,262,237,256,256,250,225,265,265,239,211,262,262,221,207,276,275,210,202,290,290,207,210,295,295,207,223,286,286,206,223,280,280,208,222,277,277,220,210,248,247,231,237,206,206,229,243,196,196,231,249,197,197,239,256,193,193,240,260,197,197,240,259,194,194,247,257,188,188,249,259,188,188,244,259,189,189,242,254,196,196,239,253,198,198,246,261,188,188,247,261,188,188,245,255,192,192,246,255,191,191,245,258,189,189,240,256,193,193,241,255,194,194,240,250,198,198,237,246,200,200,249,245,192,192,255,247,190,190,249,245,191,191,232,244,197,197,213,249,194,194,216,252,195,195,219,251,198,198,223,254,194,194,208,245,197,197,172,234,198,198,96,223,210,210,33,214,223,223,-8,213,234,234,-19,219,242,242,19,213,236,236,73,206,227,227,91,205,224,224,93,205,217,217,90,202,215,215,116,206,212,212,,Ngo Minh Dat,19110115,37:15.6,127.0.0.1,
F,250,250,206,206,251,248,209,209,248,249,210,210,242,248,216,216,236,242,214,214,239,241,208,208,242,241,206,206,237,241,214,214,237,243,211,211,236,246,209,209,235,248,208,208,237,245,210,210,236,241,213,213,236,241,214,214,237,244,210,210,243,229,205,205,248,231,198,198,248,231,198,198,248,231,199,199,247,243,207,207,242,241,213,213,236,245,215,215,233,248,211,211,234,249,211,211,227,244,218,218,232,246,213,213,232,244,213,213,231,247,213,213,232,247,213,213,234,246,211,211,231,246,214,214,232,247,213,213,232,246,213,213,231,246,215,215,231,244,214,214,229,241,216,216,209,231,206,206,116,219,213,213,39,214,236,236,4,214,243,243,17,206,240,240,24,201,243,243,31,207,237,237,30,200,234,234,25,199,238,238,27,195,232,232,25,192,242,242,30,192,237,237,30,199,234,234,25,196,239,239,21,194,240,240,18,194,239,239,21,197,239,239,22,196,236,235,22,197,236,236,24,194,237,237,25,196,238,238,24,195,239,239,38,198,234,234,113,212,251,251,171,233,260,260,214,246,253,253,198,246,273,273,186,246,275,275,193,248,260,260,178,250,291,291,176,259,293,293,180,228,299,299,180,219,298,298,182,224,294,294,180,216,299,299,185,223,288,288,223,205,280,280,293,179,257,257,393,172,237,237,424,163,259,259,0,0,0,0,424,200,305,305,0,0,0,0,440,154,249,249,435,158,275,275,438,167,268,268,440,168,274,274,0,0,0,0,0,0,0,0,0,0,0,0,0,0,0,0,0,0,0,0,0,0,0,0,0,0,0,0,0,0,0,0,0,0,0,0,0,0,0,0,0,0,0,0,0,0,0,0,0,0,0,0,444,190,263,263,360,192,278,278,298,215,269,269,260,230,269,269,262,237,256,256,250,225,265,265,239,211,262,262,221,207,276,275,210,202,290,290,207,210,295,295,207,223,286,286,206,223,280,280,208,222,277,277,220,210,248,247,231,237,206,206,229,243,196,196,231,249,197,197,239,256,193,193,240,260,197,197,240,259,194,194,247,257,188,188,249,259,188,188,244,259,189,189,242,254,196,196,239,253,198,198,246,261,188,188,247,261,188,188,245,255,192,192,246,255,191,191,245,258,189,189,240,256,193,193,241,255,194,194,240,250,198,198,237,246,200,200,249,245,192,192,255,247,190,190,249,245,191,191,232,244,197,197,213,249,194,194,216,252,195,195,219,251,198,198,223,254,194,194,208,245,197,197,172,234,198,198,96,223,210,210,33,214,223,223,-8,213,234,234,-19,219,242,242,19,213,236,236,73,206,227,227,91,205,224,224,93,205,217,217,90,202,215,215,116,206,212,212,,Ngo Minh Dat,19110115,38:32.2,127.0.0.1,
F,250,250,206,206,251,248,209,209,248,249,210,210,242,248,216,216,236,242,214,214,239,241,208,208,242,241,206,206,237,241,214,214,237,243,211,211,236,246,209,209,235,248,208,208,237,245,210,210,236,241,213,213,236,241,214,214,237,244,210,210,243,229,205,205,248,231,198,198,248,231,198,198,248,231,199,199,247,243,207,207,242,241,213,213,236,245,215,215,233,248,211,211,234,249,211,211,227,244,218,218,232,246,213,213,232,244,213,213,231,247,213,213,232,247,213,213,234,246,211,211,231,246,214,214,232,247,213,213,232,246,213,213,231,246,215,215,231,244,214,214,229,241,216,216,209,231,206,206,116,219,213,213,39,214,236,236,4,214,243,243,17,206,240,240,24,201,243,243,31,207,237,237,30,200,234,234,25,199,238,238,27,195,232,232,25,192,242,242,30,192,237,237,30,199,234,234,25,196,239,239,21,194,240,240,18,194,239,239,21,197,239,239,22,196,236,235,22,197,236,236,24,194,237,237,25,196,238,238,24,195,239,239,38,198,234,234,113,212,251,251,171,233,260,260,214,246,253,253,198,246,273,273,186,246,275,275,193,248,260,260,178,250,291,291,176,259,293,293,180,228,299,299,180,219,298,298,182,224,294,294,180,216,299,299,185,223,288,288,223,205,280,280,293,179,257,257,393,172,237,237,424,163,259,259,0,0,0,0,424,200,305,305,0,0,0,0,440,154,249,249,435,158,275,275,438,167,268,268,440,168,274,274,0,0,0,0,0,0,0,0,0,0,0,0,0,0,0,0,0,0,0,0,0,0,0,0,0,0,0,0,0,0,0,0,0,0,0,0,0,0,0,0,0,0,0,0,0,0,0,0,0,0,0,0,444,190,263,263,360,192,278,278,298,215,269,269,260,230,269,269,262,237,256,256,250,225,265,265,239,211,262,262,221,207,276,275,210,202,290,290,207,210,295,295,207,223,286,286,206,223,280,280,208,222,277,277,220,210,248,247,231,237,206,206,229,243,196,196,231,249,197,197,239,256,193,193,240,260,197,197,240,259,194,194,247,257,188,188,249,259,188,188,244,259,189,189,242,254,196,196,239,253,198,198,246,261,188,188,247,261,188,188,245,255,192,192,246,255,191,191,245,258,189,189,240,256,193,193,241,255,194,194,240,250,198,198,237,246,200,200,249,245,192,192,255,247,190,190,249,245,191,191,232,244,197,197,213,249,194,194,216,252,195,195,219,251,198,198,223,254,194,194,208,245,197,197,172,234,198,198,96,223,210,210,33,214,223,223,-8,213,234,234,-19,219,242,242,19,213,236,236,73,206,227,227,91,205,224,224,93,205,217,217,90,202,215,215,116,206,212,212,,Ngo Minh Dat,19110115,38:32.9,127.0.0.1,
F,250,250,206,206,251,248,209,209,248,249,210,210,242,248,216,216,236,242,214,214,239,241,208,208,242,241,206,206,237,241,214,214,237,243,211,211,236,246,209,209,235,248,208,208,237,245,210,210,236,241,213,213,236,241,214,214,237,244,210,210,243,229,205,205,248,231,198,198,248,231,198,198,248,231,199,199,247,243,207,207,242,241,213,213,236,245,215,215,233,248,211,211,234,249,211,211,227,244,218,218,232,246,213,213,232,244,213,213,231,247,213,213,232,247,213,213,234,246,211,211,231,246,214,214,232,247,213,213,232,246,213,213,231,246,215,215,231,244,214,214,229,241,216,216,209,231,206,206,116,219,213,213,39,214,236,236,4,214,243,243,17,206,240,240,24,201,243,243,31,207,237,237,30,200,234,234,25,199,238,238,27,195,232,232,25,192,242,242,30,192,237,237,30,199,234,234,25,196,239,239,21,194,240,240,18,194,239,239,21,197,239,239,22,196,236,235,22,197,236,236,24,194,237,237,25,196,238,238,24,195,239,239,38,198,234,234,113,212,251,251,171,233,260,260,214,246,253,253,198,246,273,273,186,246,275,275,193,248,260,260,178,250,291,291,176,259,293,293,180,228,299,299,180,219,298,298,182,224,294,294,180,216,299,299,185,223,288,288,223,205,280,280,293,179,257,257,393,172,237,237,424,163,259,259,0,0,0,0,424,200,305,305,0,0,0,0,440,154,249,249,435,158,275,275,438,167,268,268,440,168,274,274,0,0,0,0,0,0,0,0,0,0,0,0,0,0,0,0,0,0,0,0,0,0,0,0,0,0,0,0,0,0,0,0,0,0,0,0,0,0,0,0,0,0,0,0,0,0,0,0,0,0,0,0,444,190,263,263,360,192,278,278,298,215,269,269,260,230,269,269,262,237,256,256,250,225,265,265,239,211,262,262,221,207,276,275,210,202,290,290,207,210,295,295,207,223,286,286,206,223,280,280,208,222,277,277,220,210,248,247,231,237,206,206,229,243,196,196,231,249,197,197,239,256,193,193,240,260,197,197,240,259,194,194,247,257,188,188,249,259,188,188,244,259,189,189,242,254,196,196,239,253,198,198,246,261,188,188,247,261,188,188,245,255,192,192,246,255,191,191,245,258,189,189,240,256,193,193,241,255,194,194,240,250,198,198,237,246,200,200,249,245,192,192,255,247,190,190,249,245,191,191,232,244,197,197,213,249,194,194,216,252,195,195,219,251,198,198,223,254,194,194,208,245,197,197,172,234,198,198,96,223,210,210,33,214,223,223,-8,213,234,234,-19,219,242,242,19,213,236,236,73,206,227,227,91,205,224,224,93,205,217,217,90,202,215,215,116,206,212,212,,Ngo Minh Dat,19110115,38:33.5,127.0.0.1,
F,250,250,206,206,251,248,209,209,248,249,210,210,242,248,216,216,236,242,214,214,239,241,208,208,242,241,206,206,237,241,214,214,237,243,211,211,236,246,209,209,235,248,208,208,237,245,210,210,236,241,213,213,236,241,214,214,237,244,210,210,243,229,205,205,248,231,198,198,248,231,198,198,248,231,199,199,247,243,207,207,242,241,213,213,236,245,215,215,233,248,211,211,234,249,211,211,227,244,218,218,232,246,213,213,232,244,213,213,231,247,213,213,232,247,213,213,234,246,211,211,231,246,214,214,232,247,213,213,232,246,213,213,231,246,215,215,231,244,214,214,229,241,216,216,209,231,206,206,116,219,213,213,39,214,236,236,4,214,243,243,17,206,240,240,24,201,243,243,31,207,237,237,30,200,234,234,25,199,238,238,27,195,232,232,25,192,242,242,30,192,237,237,30,199,234,234,25,196,239,239,21,194,240,240,18,194,239,239,21,197,239,239,22,196,236,235,22,197,236,236,24,194,237,237,25,196,238,238,24,195,239,239,38,198,234,234,113,212,251,251,171,233,260,260,214,246,253,253,198,246,273,273,186,246,275,275,193,248,260,260,178,250,291,291,176,259,293,293,180,228,299,299,180,219,298,298,182,224,294,294,180,216,299,299,185,223,288,288,223,205,280,280,293,179,257,257,393,172,237,237,424,163,259,259,0,0,0,0,424,200,305,305,0,0,0,0,440,154,249,249,435,158,275,275,438,167,268,268,440,168,274,274,0,0,0,0,0,0,0,0,0,0,0,0,0,0,0,0,0,0,0,0,0,0,0,0,0,0,0,0,0,0,0,0,0,0,0,0,0,0,0,0,0,0,0,0,0,0,0,0,0,0,0,0,444,190,263,263,360,192,278,278,298,215,269,269,260,230,269,269,262,237,256,256,250,225,265,265,239,211,262,262,221,207,276,275,210,202,290,290,207,210,295,295,207,223,286,286,206,223,280,280,208,222,277,277,220,210,248,247,231,237,206,206,229,243,196,196,231,249,197,197,239,256,193,193,240,260,197,197,240,259,194,194,247,257,188,188,249,259,188,188,244,259,189,189,242,254,196,196,239,253,198,198,246,261,188,188,247,261,188,188,245,255,192,192,246,255,191,191,245,258,189,189,240,256,193,193,241,255,194,194,240,250,198,198,237,246,200,200,249,245,192,192,255,247,190,190,249,245,191,191,232,244,197,197,213,249,194,194,216,252,195,195,219,251,198,198,223,254,194,194,208,245,197,197,172,234,198,198,96,223,210,210,33,214,223,223,-8,213,234,234,-19,219,242,242,19,213,236,236,73,206,227,227,91,205,224,224,93,205,217,217,90,202,215,215,116,206,212,212,,Ngo Minh Dat,19110115,38:34.1,127.0.0.1,
T,226,247,209,209,227,250,207,207,227,250,207,207,228,248,209,208,220,247,207,207,213,246,200,200,211,243,198,198,214,242,200,200,219,247,202,202,214,242,199,199,216,242,201,201,228,242,203,203,225,235,203,203,216,244,206,206,208,253,209,209,213,255,209,209,212,252,210,210,209,262,208,208,207,259,209,209,207,261,215,215,213,264,216,216,213,263,213,213,214,265,210,210,215,264,207,207,215,263,208,208,215,264,206,206,215,262,208,208,214,266,208,208,211,262,214,214,211,266,218,218,212,267,220,220,208,266,214,214,210,271,212,212,211,268,215,215,212,271,212,212,211,271,214,214,210,268,216,216,207,266,220,220,208,270,218,218,209,270,216,216,209,269,216,216,209,270,216,216,208,268,217,217,209,270,217,216,210,271,217,217,206,266,221,221,212,265,214,214,214,266,211,211,213,265,213,213,216,266,209,209,213,267,211,211,214,269,215,215,209,268,221,221,206,271,225,225,209,271,219,219,211,273,216,216,211,274,216,216,207,271,218,218,208,273,218,218,211,273,219,218,212,273,215,215,209,273,213,213,208,273,216,216,208,275,218,218,210,274,211,211,209,274,214,214,206,272,218,218,207,274,218,218,208,273,216,216,206,274,221,221,207,273,218,218,207,272,218,218,205,274,219,219,205,273,220,220,206,272,219,219,205,273,219,219,206,273,218,218,207,273,218,218,204,272,222,222,205,275,218,218,207,276,216,216,205,277,220,220,206,275,221,221,206,278,217,217,208,277,214,214,206,276,218,218,205,276,222,222,207,275,217,217,206,273,221,221,206,274,222,222,205,278,218,218,205,275,218,218,206,276,217,217,207,279,217,217,209,275,213,213,212,276,213,213,204,274,229,229,204,284,218,218,203,273,216,216,218,257,210,210,216,255,210,210,219,261,210,210,215,262,213,213,221,263,206,206,214,270,223,223,203,279,233,233,214,275,216,216,209,278,221,221,205,279,231,231,208,281,219,219,209,279,220,219,212,281,212,212,209,281,213,213,209,282,213,213,207,279,219,219,208,283,211,211,205,283,209,209,206,280,215,215,208,283,215,215,206,282,210,210,207,281,215,215,208,279,216,216,204,277,220,220,207,280,215,215,211,280,215,215,207,280,215,215,211,282,209,209,206,279,218,218,204,278,216,216,203,278,216,216,204,276,216,216,207,281,214,214,206,278,221,221,213,283,214,214,202,278,226,226,209,278,221,221,207,279,220,220,203,280,214,214,205,277,220,220,209,279,220,220,206,279,217,217,204,277,218,218,205,279,218,218,207,276,220,220,201,277,221,221,201,277,224,224,203,276,223,223,208,278,218,218,206,277,222,222,204,278,216,216,,Ngo Minh Dat,19110115,59:57.1,127.0.0.1,
T,202,277,223,223,207,278,221,221,209,281,214,214,205,281,219,219,203,278,225,225,208,281,218,218,204,278,219,219,202,279,220,220,201,277,226,226,203,280,218,218,201,277,221,221,197,275,229,229,199,278,225,224,201,280,221,221,203,282,219,219,211,281,212,212,208,278,213,213,203,281,214,214,204,277,216,216,205,280,214,214,203,281,214,214,208,278,212,212,227,264,206,206,238,254,211,211,244,249,206,206,238,253,208,208,232,254,207,207,229,257,207,207,226,253,211,211,229,255,207,207,229,256,207,207,231,256,205,205,231,258,204,204,230,258,205,205,230,257,207,207,228,258,210,210,231,258,205,205,230,260,207,207,229,256,207,207,231,258,207,207,229,257,209,209,225,255,214,214,229,257,209,209,229,259,207,207,231,255,208,208,233,258,205,205,233,259,204,204,234,260,205,205,233,257,206,206,235,258,205,205,235,258,206,206,235,258,207,207,234,259,209,209,235,260,206,206,235,258,208,208,235,259,206,206,234,256,208,208,235,260,205,205,235,258,207,207,234,257,206,206,234,257,206,206,234,257,205,205,235,259,205,205,237,260,203,203,239,259,204,204,235,258,206,206,237,260,205,205,236,258,206,206,234,259,208,208,236,259,205,205,235,257,205,205,235,256,209,209,235,258,206,206,235,258,206,206,236,258,205,205,236,258,207,207,235,258,208,208,237,258,204,204,235,258,208,208,236,258,205,205,237,259,204,204,236,260,206,206,236,259,207,207,237,261,205,205,236,260,206,206,235,259,208,208,237,261,205,205,237,260,206,206,236,260,207,207,237,259,205,205,237,259,205,205,237,260,204,204,236,258,205,205,236,259,206,206,235,259,207,207,230,255,215,215,232,261,209,209,234,259,210,210,234,255,212,212,232,257,213,213,231,255,214,214,233,255,213,213,239,252,202,202,238,254,206,206,240,256,204,204,239,254,203,203,237,256,204,204,235,255,208,208,237,259,202,202,236,257,203,203,232,260,206,206,235,258,206,206,236,258,204,204,234,259,206,206,233,257,209,209,235,261,205,205,229,254,209,209,233,258,203,203,232,256,204,204,230,257,206,206,230,254,207,207,232,257,204,204,230,256,208,208,230,258,208,208,231,256,206,206,229,257,206,206,230,258,208,208,230,257,207,207,231,256,205,205,229,258,206,206,232,258,204,204,233,258,204,204,228,257,208,208,232,256,205,205,232,258,205,205,227,259,210,210,228,258,209,209,232,259,207,207,229,256,210,210,229,257,208,208,231,258,207,207,231,256,207,207,227,257,210,210,228,254,213,213,232,256,209,209,231,259,208,208,227,255,211,211,230,256,210,210,230,256,209,209,225,255,215,215,,Ngo Minh Dat,19110115,00:30.0,127.0.0.1,
T,219,229,199,199,221,223,203,203,224,225,203,203,225,225,202,202,224,217,208,208,223,215,208,208,219,218,218,218,239,225,213,213,217,213,215,215,221,216,209,209,219,215,207,207,215,214,206,206,214,217,205,205,215,217,205,205,216,213,207,207,215,214,209,209,216,212,209,209,216,213,208,208,216,216,206,206,217,215,208,208,215,213,211,211,218,212,209,209,220,214,206,206,219,215,206,206,219,217,208,208,223,222,210,210,222,222,211,211,222,220,213,213,218,220,214,214,212,220,212,212,210,221,208,208,211,223,207,206,210,222,209,209,210,220,212,212,211,219,212,212,212,219,213,213,211,220,213,213,211,221,208,207,210,225,206,206,223,223,207,207,223,224,203,203,223,228,208,208,226,229,207,207,226,228,204,204,211,223,208,208,216,228,211,211,222,230,210,210,232,226,208,208,232,227,216,216,235,226,210,210,230,235,202,202,230,217,213,213,230,220,206,206,219,218,208,208,216,220,206,206,221,222,203,203,227,225,202,202,237,221,204,204,241,219,205,204,227,224,216,216,225,228,213,213,225,232,211,211,228,225,217,217,236,230,209,209,240,231,204,204,237,232,204,204,236,229,205,205,233,227,210,210,237,227,203,203,235,229,209,209,237,230,206,206,238,230,201,201,226,219,205,205,228,220,204,204,238,228,198,198,242,224,199,199,247,220,200,200,246,223,199,199,244,219,204,204,241,219,205,205,243,224,200,200,242,223,199,199,243,223,201,201,246,219,200,200,246,220,203,203,246,220,204,204,247,225,201,201,240,222,203,203,231,220,203,203,229,220,211,211,236,226,207,207,244,224,194,194,244,226,201,201,251,227,198,198,252,226,198,198,245,224,200,200,246,226,200,200,236,220,200,200,235,219,201,201,237,224,200,200,235,221,201,201,241,223,196,196,241,226,197,197,246,222,199,199,238,225,201,201,241,219,205,205,240,224,199,199,234,225,196,196,237,221,196,196,240,223,196,196,239,224,196,196,236,224,196,196,231,221,200,200,230,224,202,202,230,224,200,200,230,221,199,199,227,221,200,200,227,222,199,199,229,219,200,200,232,222,198,198,232,219,199,199,232,217,199,199,230,217,200,200,231,216,196,196,227,215,201,201,225,215,202,202,222,217,202,202,230,217,200,200,233,215,200,200,226,211,200,200,226,212,197,197,224,218,195,195,217,219,198,198,219,221,197,197,222,218,198,198,221,225,196,196,219,223,194,194,218,223,196,196,220,222,198,198,219,224,197,197,223,224,196,196,227,227,193,193,229,225,197,197,231,228,191,191,231,227,192,192,230,228,193,193,229,226,194,194,227,223,197,197,229,222,196,196,230,221,197,197,,Ngo Minh Dat,19110115,29:26.5,127.0.0.1,
F,231,223,196,196,230,224,196,196,229,227,195,195,230,228,194,194,230,229,195,195,231,228,198,197,225,229,197,197,230,231,195,195,227,225,197,197,227,225,197,197,229,227,194,194,229,223,195,195,227,221,198,198,222,224,205,205,219,230,205,205,223,219,200,200,221,231,202,202,214,225,200,200,210,222,201,201,210,224,201,201,210,227,204,204,214,232,197,197,217,232,203,203,223,224,203,203,208,199,204,204,144,177,227,227,44,165,257,257,-34,142,273,273,-46,135,279,279,-41,126,275,275,-16,131,247,247,6,114,239,239,10,117,236,236,9,116,223,223,12,108,225,225,3,88,230,230,-13,67,249,249,-35,49,255,255,-50,50,257,257,-58,47,260,260,-60,44,261,261,-56,49,253,253,-62,43,258,258,-79,38,276,276,-65,41,259,259,-62,44,256,256,-58,44,257,257,-34,66,279,279,71,140,295,295,128,166,283,283,156,160,282,282,163,161,274,274,168,162,270,270,184,162,272,272,201,170,254,254,223,186,213,213,239,191,201,201,252,190,197,197,264,190,201,201,265,191,201,201,270,190,200,200,270,183,204,204,270,186,202,202,274,188,205,205,287,187,200,200,288,185,207,207,280,191,208,208,276,192,209,209,268,191,205,205,264,186,210,210,263,185,211,211,261,177,205,205,267,184,210,210,260,181,208,208,272,180,207,207,283,185,213,213,275,178,216,216,280,181,215,215,296,164,223,223,320,163,216,216,357,150,218,218,383,144,217,217,391,146,212,212,379,148,207,207,365,149,206,206,354,149,202,202,345,149,207,207,340,148,204,204,328,137,209,209,319,135,203,203,298,139,202,202,286,135,205,205,284,135,204,204,287,135,206,206,289,137,202,202,290,140,206,206,289,137,205,205,289,140,205,205,287,147,215,215,282,152,221,221,284,155,213,213,270,149,201,201,243,161,194,194,216,164,202,202,211,180,211,211,213,182,217,217,232,180,223,223,236,176,227,227,263,171,226,226,313,137,237,237,358,106,231,231,393,102,217,217,437,91,199,199,458,72,204,204,474,77,212,212,479,101,208,208,484,78,200,200,466,53,217,217,469,73,217,217,474,79,210,210,464,73,217,217,455,81,209,209,386,109,214,214,309,144,214,214,267,148,215,215,255,150,216,216,254,150,216,216,240,153,220,220,210,167,216,216,90,177,237,237,-80,161,280,280,0,0,0,0,0,0,0,0,0,0,0,0,0,0,0,0,0,0,0,0,0,0,0,0,0,0,0,0,0,0,0,0,0,0,0,0,0,0,0,0,0,0,0,0,0,0,0,0,0,0,0,0,0,0,0,0,0,0,0,0,0,0,0,0,0,0,0,0,0,0,0,0,0,0,0,0,,Ngo Minh Dat,19110115,29:58.7,127.0.0.1,
T,37,154,259,259,109,162,241,241,167,178,225,225,190,174,223,223,199,176,225,225,191,177,217,217,190,182,217,217,192,185,207,207,188,190,208,208,188,193,206,206,181,192,203,203,187,187,205,205,210,203,191,191,206,188,194,194,216,195,199,199,234,185,185,185,234,187,190,190,225,182,193,193,224,185,195,195,215,189,196,196,206,180,201,201,196,183,200,200,148,172,237,237,124,154,244,244,125,156,250,250,141,163,233,233,193,177,236,236,224,200,212,212,210,184,212,212,218,176,215,215,223,177,213,213,189,131,259,259,201,159,197,197,188,166,242,242,186,184,238,238,175,195,225,225,133,203,248,248,109,202,268,268,150,185,235,235,183,181,246,246,196,188,218,218,136,192,206,206,103,192,191,191,122,206,163,163,182,235,140,140,221,229,142,142,250,233,148,148,268,237,165,165,246,238,204,204,224,226,231,231,198,202,272,272,177,160,300,300,171,146,297,297,182,145,279,279,203,162,239,239,223,175,209,209,238,199,188,188,244,217,172,172,246,228,161,161,247,233,163,163,251,232,165,165,246,236,164,164,247,246,161,161,241,250,166,166,246,248,167,167,244,260,161,161,244,263,159,159,242,261,162,162,243,259,162,162,246,261,163,163,254,260,161,161,259,257,161,161,258,255,166,166,257,257,165,165,262,263,161,161,259,261,165,165,265,260,169,169,265,256,171,171,267,258,173,173,268,256,169,169,261,256,172,172,255,250,178,178,266,246,171,171,262,247,175,175,271,249,172,172,275,249,172,172,273,249,178,178,277,243,175,175,273,233,188,188,267,223,197,197,251,221,207,207,243,221,204,203,234,221,204,204,231,220,207,207,209,208,218,217,189,185,223,223,176,166,240,240,165,135,245,245,160,136,243,243,198,165,199,199,213,170,200,200,234,167,209,209,261,177,205,205,271,170,206,206,276,178,199,199,300,182,194,194,320,192,190,190,329,193,190,190,327,193,193,193,325,193,197,197,327,192,196,196,301,178,212,212,236,170,227,227,198,152,243,243,188,140,261,261,213,143,251,251,223,135,257,257,228,134,265,265,234,133,252,252,241,140,254,254,252,139,249,249,291,147,250,250,304,145,250,250,299,146,247,247,303,149,236,236,292,151,246,246,269,148,241,241,243,153,233,233,231,152,237,237,218,159,236,236,197,159,239,239,170,152,238,238,156,142,240,240,147,146,239,239,153,145,240,240,155,147,244,244,159,150,241,241,168,151,235,235,171,155,231,230,181,141,235,235,200,142,226,226,202,143,222,222,206,142,223,223,213,139,223,223,210,139,226,226,204,125,228,228,196,125,214,214,144,122,229,229,66,156,259,259,44,176,244,244,,Ngo Minh Dat,19110115,30:31.1,127.0.0.1,
F,195,137,161,161,199,136,154,154,197,134,153,153,192,138,150,150,177,137,173,173,178,137,173,173,195,142,153,153,196,146,165,165,217,147,147,147,207,146,150,150,208,137,166,166,209,153,166,166,202,168,176,176,210,174,167,167,210,172,168,168,211,143,164,164,39,166,141,141,185,135,154,154,180,123,169,169,186,128,161,161,208,146,155,155,24,158,140,140,208,149,157,157,215,140,159,159,214,143,160,160,211,139,165,165,215,140,163,162,217,143,164,164,213,143,169,169,215,145,166,166,215,140,171,171,215,134,170,170,218,131,163,163,222,134,159,159,223,135,154,154,215,137,165,165,217,138,166,166,218,136,162,162,221,135,163,163,223,135,160,160,222,139,164,164,226,138,164,164,227,145,161,161,222,147,161,161,220,149,157,157,205,152,159,159,179,134,168,168,171,126,166,166,165,124,172,172,178,129,155,155,175,125,166,166,173,124,169,169,177,124,165,165,178,128,159,159,180,129,157,157,179,126,158,158,179,129,156,156,180,127,155,155,177,126,162,162,175,123,160,160,174,123,155,155,162,120,156,156,149,116,160,160,146,115,161,161,143,111,159,159,146,104,159,159,152,119,158,158,145,124,173,173,143,122,180,180,134,113,195,195,114,104,201,201,88,116,202,202,77,123,215,215,77,113,206,206,78,126,205,205,70,128,207,207,67,122,208,208,67,129,196,196,43,125,204,204,36,127,207,206,45,115,207,207,46,120,203,203,46,119,201,201,39,123,203,203,38,115,201,201,55,109,190,190,65,111,193,193,63,116,194,194,64,119,188,188,70,120,193,193,80,120,187,187,93,114,182,182,110,100,170,170,110,96,189,189,115,90,188,188,130,88,187,187,121,79,194,194,113,82,193,193,114,90,192,192,108,86,195,195,104,87,196,196,106,83,199,199,107,76,203,203,114,77,211,211,111,65,222,222,110,75,208,208,112,77,205,205,110,82,207,207,111,82,212,212,110,79,206,206,109,83,202,202,110,84,206,206,113,73,224,224,116,79,214,214,112,82,204,204,112,87,197,197,113,86,202,202,111,87,201,201,108,87,200,200,109,88,200,200,109,94,199,199,65,120,195,195,49,151,191,191,43,155,190,190,35,153,183,183,26,157,185,185,27,155,189,189,41,147,195,195,60,148,199,199,62,143,213,213,67,149,209,209,67,150,207,207,63,147,205,205,56,146,202,202,52,147,198,198,41,155,205,205,38,146,206,206,32,141,207,207,29,146,202,202,33,151,197,197,37,149,201,201,52,152,199,199,49,153,194,194,41,154,205,205,41,159,198,198,37,159,194,194,23,163,199,199,16,162,198,198,10,158,204,204,14,157,199,199,,Ngo Minh Dat,19110115,24:54.1,127.0.0.1,
F,11,151,206,206,12,137,192,192,31,115,182,182,78,103,163,163,106,92,175,175,136,80,168,168,137,74,168,168,140,76,187,187,144,80,187,187,148,86,181,181,157,87,170,170,150,95,178,178,152,98,170,170,150,97,173,173,146,101,179,179,145,100,179,179,152,100,177,177,151,102,180,180,152,103,169,169,149,104,173,173,134,111,186,186,121,124,191,191,93,126,183,183,59,153,210,210,70,148,204,204,77,149,201,201,68,155,204,204,65,159,201,201,65,157,205,205,66,158,199,199,67,154,197,197,64,154,204,204,63,156,206,206,62,160,206,206,64,156,206,206,61,151,203,203,53,113,183,183,55,114,171,171,64,112,175,175,73,99,179,179,86,102,173,173,90,99,179,179,93,95,186,186,98,100,187,187,99,94,185,185,95,93,178,178,93,97,184,184,98,96,181,181,99,100,180,180,102,101,184,184,102,102,181,181,101,102,182,182,98,97,186,186,95,96,187,187,98,98,187,187,101,96,183,183,101,95,183,183,106,95,179,179,103,96,182,182,107,97,181,181,115,99,182,182,121,100,178,178,121,101,181,181,122,100,179,179,123,103,176,176,122,100,178,178,118,97,183,183,112,97,189,189,116,95,186,186,116,94,188,188,118,92,188,188,116,93,188,188,114,98,192,192,123,95,179,179,121,94,184,184,116,97,191,191,111,104,187,187,101,102,175,175,101,101,181,181,143,95,171,171,195,102,133,133,286,100,283,283,158,111,139,139,166,110,136,136,169,111,142,142,199,113,117,117,0,0,0,0,185,123,164,164,247,171,205,204,191,132,152,152,239,158,216,216,188,122,281,281,189,109,131,131,177,106,152,152,174,98,140,140,162,92,152,152,161,94,156,156,171,99,147,147,170,100,146,146,159,115,151,151,166,105,144,144,167,107,137,137,0,0,0,0,182,107,115,115,171,94,125,125,158,100,118,118,134,109,129,129,130,116,129,129,126,109,151,151,136,105,133,133,144,102,123,123,157,101,114,114,162,107,125,125,172,108,131,131,198,106,119,119,268,81,307,307,0,0,0,0,0,0,0,0,0,0,0,0,256,136,120,120,253,136,115,115,245,135,124,124,249,134,118,118,239,131,133,133,241,130,130,130,251,127,126,126,252,131,129,129,247,128,134,134,248,126,132,132,231,121,119,119,205,102,130,130,167,94,140,140,143,88,156,156,141,88,161,161,144,84,164,164,145,86,162,162,146,86,165,165,149,82,170,170,143,84,175,175,142,84,176,176,151,82,165,165,158,81,151,151,156,70,147,147,140,64,165,165,147,57,156,156,142,55,169,169,148,55,164,164,150,59,166,166,161,60,157,157,161,67,163,163,,Ngo Minh Dat,19110115,25:27.7,127.0.0.1,
F,218,178,135,135,218,182,151,151,226,188,147,147,220,183,159,159,229,185,146,146,231,185,139,139,223,185,155,155,232,186,148,148,226,192,163,163,216,203,168,168,208,197,175,175,215,197,167,167,215,192,167,167,216,186,169,169,229,187,152,152,226,181,151,151,221,180,160,160,218,167,168,168,210,171,163,163,217,183,173,173,220,182,157,157,221,197,148,148,223,195,127,127,217,204,136,136,207,186,157,157,206,163,156,156,207,147,173,173,202,142,170,170,199,142,178,178,195,141,177,177,207,140,166,166,206,140,172,172,209,147,160,160,203,159,152,152,194,182,154,154,216,180,126,126,221,215,122,122,222,215,114,114,206,209,134,134,210,220,125,125,220,230,115,115,214,205,123,123,213,208,137,137,209,196,141,141,201,195,150,150,202,193,149,149,205,201,140,140,207,197,146,146,215,205,129,129,214,189,132,132,209,203,149,149,256,193,140,140,319,202,120,120,347,211,119,119,346,209,119,119,317,199,123,123,284,194,129,129,262,206,133,133,258,192,123,123,254,197,129,129,253,196,132,132,254,200,124,124,214,204,140,140,115,189,140,140,5,214,152,152,0,0,0,0,0,0,0,0,0,0,0,0,0,0,0,0,0,0,0,0,0,0,0,0,0,0,0,0,-20,235,141,141,45,205,154,154,181,203,143,143,210,182,161,161,214,191,162,162,214,193,160,160,220,192,146,146,211,195,156,156,215,195,155,155,213,194,154,154,215,191,157,157,214,187,152,152,219,184,151,151,221,186,140,140,219,185,148,148,208,184,165,165,209,187,164,164,274,199,143,143,427,222,110,110,475,261,120,120,0,0,0,0,0,0,0,0,0,0,0,0,0,0,0,0,0,0,0,0,0,0,0,0,0,0,0,0,485,280,115,115,441,219,120,120,339,208,158,158,288,185,163,163,252,179,172,172,225,172,193,193,202,174,215,215,202,185,202,202,207,183,199,199,207,182,208,208,209,179,204,204,206,181,207,207,218,181,199,199,217,183,200,200,214,176,197,197,209,173,185,185,208,176,191,191,213,175,199,199,217,171,206,206,221,175,200,200,224,177,197,197,232,174,189,189,231,178,192,192,233,177,191,191,230,178,192,191,227,175,198,198,230,177,190,190,228,174,194,194,227,174,198,198,230,175,192,192,231,175,187,187,226,175,195,195,224,172,193,193,218,168,199,199,222,168,194,194,223,171,191,191,221,168,194,194,216,168,203,203,218,170,194,194,218,168,195,195,218,173,198,198,215,170,199,199,214,169,194,194,216,171,185,185,220,170,183,183,218,173,187,187,218,173,169,169,213,171,167,167,204,173,172,172,215,204,135,135,213,202,140,140,,Ngo Minh Dat,19110148,43:48.0,127.0.0.1,
T,231,191,138,138,231,192,130,130,237,190,136,136,233,192,132,132,239,191,127,127,236,192,133,133,234,192,123,123,237,195,131,131,241,189,139,139,276,204,127,127,307,211,120,120,332,217,124,124,337,217,116,116,326,220,125,125,311,213,131,131,296,220,119,119,255,208,131,131,230,208,123,123,215,206,127,127,226,212,125,125,253,200,114,114,276,201,114,114,298,210,123,123,329,208,127,127,331,217,126,126,319,213,126,126,313,213,132,132,306,211,127,127,300,203,113,113,298,206,110,110,293,202,121,121,267,192,123,123,0,0,0,0,0,0,0,0,258,221,115,115,0,0,0,0,248,191,128,128,247,174,132,132,222,142,167,167,194,129,178,178,180,122,182,182,184,124,175,175,184,133,164,164,164,140,165,165,118,143,173,173,117,151,160,160,144,142,165,165,185,143,161,161,242,163,133,133,277,168,131,131,282,169,131,131,272,165,125,125,243,155,138,138,208,142,146,146,191,131,134,134,170,173,163,163,155,118,136,136,145,176,141,141,146,149,129,129,0,0,0,0,173,202,138,138,154,173,158,158,162,172,156,156,200,182,147,147,253,151,143,143,297,162,150,150,348,158,121,121,350,152,138,138,371,166,129,129,366,163,138,138,347,161,137,137,320,161,139,139,279,162,132,132,238,158,124,124,231,182,111,111,215,174,138,138,209,182,131,131,197,168,156,156,219,157,150,150,234,158,166,166,242,162,166,166,243,159,156,156,242,161,155,155,238,157,159,159,242,156,156,156,238,161,156,156,237,159,159,159,238,158,158,158,237,160,160,160,237,164,159,159,236,160,163,163,239,162,157,157,241,162,149,149,238,160,156,156,243,159,151,151,243,157,151,151,246,163,145,145,243,164,150,150,243,158,155,155,245,162,145,145,240,159,148,148,243,161,147,147,243,160,147,147,242,160,151,151,241,158,159,159,237,162,158,158,234,159,159,159,238,158,146,146,234,157,160,160,241,162,156,156,238,158,161,161,228,158,168,168,220,160,178,178,230,160,158,158,233,156,161,161,225,155,169,169,228,158,165,165,224,152,172,172,228,153,169,169,227,154,169,169,233,154,162,162,241,156,154,154,237,154,160,160,236,153,158,158,237,153,161,161,238,152,157,157,237,152,156,156,237,153,157,157,234,153,163,163,239,155,154,154,238,155,159,159,239,155,159,159,236,158,166,166,235,157,161,161,225,157,174,174,236,153,160,160,241,156,154,154,241,152,166,166,246,155,158,158,246,158,148,148,247,157,146,146,243,162,151,151,241,162,157,157,249,156,144,144,248,161,144,144,243,157,152,152,244,157,164,164,249,158,152,152,243,155,157,157,245,156,157,157,,Nguyen Ngoc Thien,19110148,49:39.8,127.0.0.1,
T,232,111,208,208,233,115,208,208,226,111,206,206,213,115,187,187,196,123,170,170,204,184,156,156,204,154,146,146,218,166,144,144,220,176,138,138,226,187,134,134,230,184,127,127,218,183,142,142,216,189,137,137,214,185,146,146,214,181,144,144,215,183,142,142,220,183,142,142,229,179,135,135,236,180,139,139,231,182,144,144,229,183,145,145,231,178,144,144,231,182,138,138,220,182,142,142,212,176,143,143,202,192,149,149,212,187,130,130,208,197,144,144,206,188,141,141,215,183,129,129,211,177,138,138,204,201,137,137,197,203,145,145,205,200,135,135,200,185,146,146,193,183,150,150,205,194,140,140,248,194,116,116,252,195,123,123,254,196,122,122,249,198,123,123,242,196,132,132,245,198,126,126,240,198,135,135,249,199,118,118,249,207,123,123,248,198,131,131,256,201,117,117,259,200,113,113,256,198,122,122,253,203,125,125,253,201,126,126,256,201,123,123,251,198,126,126,254,198,123,123,261,199,113,113,253,202,123,123,251,199,127,127,256,198,121,121,252,199,130,130,251,202,128,128,251,197,135,135,254,200,124,124,251,199,128,128,254,201,126,126,254,201,123,123,255,197,128,128,256,201,124,124,254,201,127,127,255,201,123,123,254,197,128,128,256,202,124,124,256,204,124,124,258,206,121,121,245,192,136,136,227,197,125,125,233,194,147,147,242,208,133,133,229,204,141,141,233,205,130,130,230,199,137,137,237,198,133,133,246,208,119,119,238,196,124,124,235,206,120,120,228,202,129,129,232,201,130,130,253,227,110,110,244,194,124,124,243,194,125,125,239,191,124,124,244,198,121,121,240,199,123,123,243,195,113,113,237,194,118,118,242,196,118,118,239,200,112,112,230,209,122,122,223,207,129,129,230,204,121,121,217,203,132,132,216,197,137,137,217,217,130,130,225,189,135,135,235,194,126,126,240,197,121,121,245,194,118,118,238,193,130,130,242,198,122,122,245,194,119,119,236,192,133,133,244,195,115,115,242,189,118,118,238,195,120,120,238,189,124,124,230,193,125,125,233,198,116,116,242,185,126,126,243,187,120,120,247,188,124,124,245,189,128,128,239,190,136,136,245,187,126,126,240,190,106,106,232,202,120,120,224,193,119,119,207,195,132,132,199,203,145,145,198,193,153,153,211,194,142,142,253,201,126,126,273,201,127,127,280,206,125,125,277,203,127,127,273,209,133,133,282,205,116,116,266,205,131,131,270,208,133,133,270,206,132,132,269,208,133,133,269,206,127,127,269,204,130,130,273,207,124,124,271,204,128,128,268,205,132,132,275,203,118,118,271,209,123,123,271,210,121,121,271,212,125,125,270,217,129,129,365858975,Nguyen Ngoc Thien,19110148,27/05/2022,127.0.0.1,
T,262,202,137,137,276,211,124,124,270,208,115,115,263,208,127,127,267,206,121,121,268,206,123,123,270,207,117,117,267,202,124,124,274,206,115,115,267,206,125,125,274,206,114,114,267,205,123,123,267,207,124,124,272,205,120,120,271,206,120,120,270,206,121,121,265,209,123,123,269,205,119,119,261,206,128,128,267,207,124,124,268,201,125,125,257,200,132,132,239,199,132,132,231,215,116,116,226,227,118,118,237,221,118,118,228,221,115,115,240,235,100,100,237,240,119,119,230,232,112,112,219,238,104,104,210,233,111,111,220,238,108,108,220,232,117,117,224,233,113,113,230,234,109,109,235,234,106,106,231,234,107,107,227,230,114,114,228,234,127,127,238,253,115,115,235,247,114,114,235,246,110,110,236,236,108,108,226,238,127,127,225,231,122,122,229,232,120,120,232,246,121,121,232,244,109,109,229,228,115,115,224,231,112,112,227,215,118,118,221,221,122,122,217,229,133,133,219,223,138,138,224,225,120,120,215,215,128,128,211,205,149,149,235,213,110,110,247,202,127,127,251,191,137,137,238,182,162,162,214,179,183,183,215,177,181,181,214,176,184,184,217,177,186,186,222,177,190,189,223,178,192,192,217,180,201,201,215,176,206,206,227,180,194,194,223,180,200,200,226,182,198,198,221,179,200,200,221,177,202,202,223,178,197,197,223,180,199,199,221,179,204,204,221,178,203,203,222,180,202,202,221,182,200,200,223,180,198,198,222,180,204,204,218,178,204,204,213,175,195,195,189,173,194,194,177,173,181,181,183,164,189,189,188,172,175,175,199,181,157,157,211,185,165,165,261,194,141,141,276,196,158,158,274,189,165,165,267,187,156,156,262,192,159,159,256,189,158,158,248,189,172,172,250,191,158,158,249,187,164,164,258,194,140,140,253,191,154,154,250,193,148,148,244,194,157,157,246,192,150,150,243,191,163,163,251,192,150,150,246,189,153,153,247,190,152,152,244,193,171,171,250,192,147,147,248,194,146,146,243,190,159,159,246,189,153,153,243,190,156,156,237,188,162,162,239,186,158,158,236,185,157,157,232,192,144,144,220,196,154,154,221,193,158,158,220,194,157,157,219,192,159,159,218,193,163,163,216,193,170,170,219,192,159,159,217,191,170,170,217,197,164,164,215,198,167,167,213,192,164,164,208,193,165,165,215,197,155,155,215,193,161,161,211,193,170,170,215,190,175,175,238,194,162,162,236,196,169,169,238,201,166,166,238,201,166,166,239,201,161,161,238,201,162,162,246,197,155,155,251,195,154,154,251,196,152,152,253,196,149,149,247,192,154,154,240,190,159,159,237,194,162,162,228,184,171,171,223,182,162,162,365858975,Nguyen Ngoc Thien,19110148,27/05/2022,127.0.0.1,
T,316,236,195,195,283,192,208,208,265,182,209,209,245,173,197,197,208,167,187,187,185,150,185,185,197,203,136,136,202,193,151,151,220,190,126,126,205,199,142,142,210,190,138,138,185,204,145,145,185,192,160,160,214,201,132,132,208,203,134,134,223,215,123,123,234,210,132,132,202,198,148,148,212,220,133,133,204,177,138,138,196,203,142,142,191,205,144,144,186,194,168,168,190,188,172,172,190,185,170,170,180,191,187,187,176,188,175,175,175,190,185,185,184,188,177,177,195,185,164,164,189,188,168,168,195,184,167,167,187,187,170,170,202,184,157,157,174,179,178,178,173,185,171,171,177,185,168,168,179,176,181,181,187,181,169,169,188,179,165,165,179,178,170,170,179,186,169,169,186,187,161,161,185,184,156,156,190,201,147,147,184,186,156,156,187,185,163,163,179,175,170,170,177,185,166,166,179,179,166,166,182,185,162,162,178,182,169,169,184,191,163,163,179,179,169,169,174,195,162,162,177,185,178,178,183,186,163,163,184,186,158,158,184,198,156,156,174,183,166,166,177,183,178,178,187,191,154,154,180,173,171,171,198,194,148,148,187,180,168,168,195,199,145,145,188,192,163,163,185,174,169,169,189,189,155,155,186,180,166,166,181,183,164,164,185,178,156,156,192,169,155,155,189,180,155,155,183,182,176,176,184,178,171,171,189,179,172,172,190,172,167,167,186,183,168,168,181,180,175,175,181,190,164,164,184,194,151,151,165,194,164,164,151,192,160,160,140,204,150,150,150,215,139,139,148,208,150,150,160,210,141,141,141,209,157,157,150,213,149,149,149,212,136,136,163,190,168,168,181,197,157,157,175,188,176,176,183,182,180,180,207,171,162,162,220,183,139,139,207,189,150,150,217,188,142,142,240,214,125,125,282,210,100,100,0,0,0,0,350,240,103,103,363,237,106,106,364,250,97,97,344,223,110,110,294,224,98,98,263,215,106,106,237,214,120,120,226,215,116,116,210,202,125,125,217,211,121,121,224,221,120,120,228,217,117,117,217,203,128,128,221,206,138,138,250,200,109,109,236,205,111,111,206,175,148,148,212,175,152,152,197,175,190,190,205,174,188,188,204,179,187,187,199,176,180,180,201,179,182,182,224,186,168,168,217,195,171,171,226,195,161,161,220,186,161,161,213,187,164,164,213,186,161,161,214,181,169,169,213,183,175,175,209,192,172,172,212,191,167,167,208,185,168,168,206,188,178,178,227,195,169,169,239,200,178,178,263,238,151,151,261,227,163,163,260,224,161,161,259,225,161,161,254,212,169,169,250,210,169,169,252,217,161,161,249,211,172,172,245,209,169,169,240,206,177,177,235,201,181,181,365858975,Nguyen Ngoc Thien,19110148,27/05/2022,127.0.0.1,
T,219,161,152,152,182,168,178,178,206,170,141,141,189,172,158,158,183,171,159,159,192,176,155,155,209,220,134,134,197,167,152,152,185,183,160,160,195,209,137,137,196,200,142,142,193,187,153,153,215,216,129,129,211,186,143,143,202,193,145,145,203,189,150,150,211,192,141,141,209,198,146,146,217,178,135,135,212,188,142,142,211,171,140,140,209,188,142,142,204,193,153,153,219,187,142,142,215,189,145,145,207,187,153,153,211,189,148,148,224,181,149,149,222,179,167,167,213,172,186,186,216,173,175,175,221,178,168,168,212,182,173,173,211,177,171,171,213,172,160,160,192,164,175,175,184,168,169,169,185,174,170,170,183,169,166,166,195,172,164,164,190,153,190,190,180,169,182,182,200,200,148,148,207,186,145,145,210,215,143,143,206,238,138,138,187,173,182,182,190,189,165,165,184,176,173,173,190,181,171,171,221,175,163,163,243,189,149,149,228,190,159,159,229,184,156,156,222,184,153,153,225,172,138,138,213,175,130,130,0,0,0,0,220,193,137,137,222,190,146,146,217,197,140,140,200,202,161,161,183,183,184,184,189,190,177,177,178,196,188,188,202,203,162,162,169,183,188,188,171,176,186,186,171,171,188,188,173,176,185,185,178,176,182,182,172,177,189,189,187,178,175,175,183,176,190,190,191,185,180,180,192,180,178,178,190,183,179,179,188,181,178,178,188,180,184,184,192,178,179,179,194,177,175,175,193,175,187,187,194,177,181,181,199,175,169,169,195,175,180,180,201,182,170,170,212,176,169,169,215,176,166,166,211,175,162,162,201,177,166,166,203,176,168,168,202,176,171,171,211,176,165,165,208,172,174,174,216,177,165,165,219,175,172,172,220,173,177,177,222,175,169,169,219,176,170,170,218,175,170,170,219,176,171,171,221,177,169,169,221,175,166,166,220,178,172,172,210,181,168,168,149,197,180,180,138,212,167,167,137,207,171,171,142,208,168,168,141,214,159,159,129,226,160,160,133,220,144,144,146,180,193,193,178,185,177,177,178,179,178,178,190,179,188,188,197,178,176,176,202,176,176,176,201,180,178,178,207,180,167,167,206,181,167,167,202,179,174,174,203,176,174,174,209,180,166,166,202,177,178,178,201,175,176,176,207,179,176,176,204,187,193,193,205,186,181,181,209,191,177,177,213,186,170,170,207,183,184,184,194,179,183,183,183,187,177,177,184,182,181,181,196,177,171,171,196,179,180,180,200,177,180,180,196,179,178,178,197,180,169,169,197,178,178,178,198,178,174,174,200,178,176,176,204,181,171,171,219,177,168,168,213,169,175,175,229,169,160,160,231,165,156,156,221,162,170,170,220,165,166,166,3645454,Nguyen Ngoc Thien,19110149,27/05/2022,127.0.0.1,Logistic Regression
F,210,173,172,172,203,170,175,175,201,173,176,176,207,175,174,174,206,175,171,171,195,171,176,176,200,178,180,180,196,176,175,175,196,174,171,171,199,172,179,179,206,180,168,168,205,177,175,175,209,179,170,170,208,179,173,173,209,179,181,181,220,181,168,168,223,173,170,170,218,177,172,172,217,180,167,167,215,182,172,172,218,181,168,168,222,180,166,166,216,182,184,184,221,187,186,186,218,185,193,193,212,187,188,188,211,183,188,188,213,182,185,185,207,184,198,198,214,186,185,185,212,185,193,193,217,189,189,189,215,190,188,188,219,191,184,184,212,192,193,193,211,190,198,198,218,192,186,186,217,191,192,192,213,190,195,195,224,190,181,181,209,188,199,199,213,192,194,193,213,190,194,194,213,191,191,191,214,188,192,192,213,186,196,196,208,184,181,181,194,172,181,181,187,169,156,156,184,167,153,153,182,166,170,170,188,163,176,176,183,176,158,158,175,179,166,166,145,174,174,174,74,174,200,199,0,0,0,0,0,0,0,0,0,0,0,0,0,0,0,0,0,0,0,0,0,0,0,0,0,0,0,0,0,0,0,0,0,0,0,0,0,0,0,0,0,0,0,0,0,0,0,0,0,0,0,0,0,0,0,0,0,0,0,0,0,0,0,0,0,0,0,0,0,0,0,0,0,0,0,0,0,0,0,0,0,0,0,0,0,0,0,0,0,0,0,0,0,0,0,0,0,0,0,0,52,170,204,204,174,169,172,172,280,170,175,175,410,178,154,154,479,232,165,165,514,243,104,104,0,0,0,0,0,0,0,0,0,0,0,0,0,0,0,0,500,262,147,147,485,258,144,144,467,232,153,153,408,198,166,166,324,187,178,178,267,178,178,178,247,174,174,174,257,176,164,164,259,177,168,168,262,178,164,164,267,180,156,156,266,178,180,180,279,184,174,174,313,201,179,179,393,260,166,166,0,0,0,0,0,0,0,0,0,0,0,0,0,0,0,0,0,0,0,0,0,0,0,0,0,0,0,0,370,249,182,182,313,192,193,193,273,173,154,154,279,171,137,137,293,177,158,158,307,181,183,183,312,180,182,182,308,180,181,181,309,180,180,180,309,183,179,179,304,182,183,183,308,185,176,176,310,185,177,177,309,185,179,179,310,181,180,180,313,185,174,174,310,182,181,181,315,185,175,175,311,184,177,177,313,186,176,176,310,183,179,179,311,184,177,177,314,185,174,174,315,185,178,178,313,183,180,180,311,186,178,178,313,186,174,174,292,178,152,152,256,179,163,163,258,184,171,171,243,184,181,181,223,189,184,184,208,194,189,189,214,200,180,180,226,206,206,206,261,211,199,199,273,215,203,203,3645454,Nguyen Ngoc Thien,19110149,27/05/2022,127.0.0.1,Logistic Regression
F,283,218,211,211,284,210,217,217,282,201,215,215,276,199,208,208,269,192,206,206,270,193,198,198,264,189,204,204,261,187,205,205,319,194,196,196,412,203,190,190,0,0,0,0,0,0,0,0,0,0,0,0,0,0,0,0,0,0,0,0,0,0,0,0,0,0,0,0,0,0,0,0,0,0,0,0,0,0,0,0,0,0,0,0,0,0,0,0,0,0,0,0,0,0,0,0,0,0,0,0,0,0,0,0,0,0,0,0,0,0,0,0,0,0,0,0,0,0,0,0,0,0,0,0,0,0,0,0,0,0,0,0,0,0,0,0,0,0,0,0,0,0,0,0,0,0,0,0,0,0,0,0,0,0,0,0,0,0,0,0,0,0,0,0,0,0,0,0,0,0,0,0,0,0,0,0,0,0,0,0,0,0,0,0,0,0,0,0,0,0,0,0,0,0,0,0,0,0,0,0,0,0,0,0,0,0,0,0,0,0,0,0,0,0,0,0,0,0,0,0,0,0,0,0,0,0,0,0,0,0,0,0,0,0,0,0,0,0,0,0,0,0,0,0,0,0,0,0,0,0,0,0,0,0,0,0,0,0,0,0,0,0,0,0,0,0,0,0,0,0,0,0,0,0,0,0,0,0,0,0,0,0,0,0,0,0,0,0,0,0,0,0,0,0,0,0,428,190,156,156,303,185,165,165,288,187,153,153,302,192,183,183,337,198,173,173,329,197,173,173,270,179,165,165,211,167,135,135,180,177,150,150,192,219,127,127,195,227,115,115,191,216,136,136,176,178,159,159,165,166,188,188,121,188,244,244,74,211,321,321,35,224,375,375,64,234,336,336,77,249,311,311,187,281,203,203,25,203,371,371,98,174,291,291,155,181,206,206,181,166,172,172,196,182,144,144,194,213,142,142,198,201,143,143,190,211,143,143,193,200,147,147,205,166,159,159,202,163,201,201,200,159,240,240,167,158,300,300,147,165,339,339,134,172,376,376,141,180,362,362,145,183,355,355,165,165,302,302,188,163,256,256,204,161,206,206,229,158,159,159,233,164,131,131,209,205,152,152,0,0,0,0,0,0,0,0,207,220,132,132,230,172,145,145,220,166,169,169,186,160,237,237,166,172,280,280,147,183,325,325,149,210,342,341,156,227,352,352,174,233,343,343,156,223,338,338,180,187,293,292,207,166,244,244,242,164,185,185,259,165,146,146,282,179,129,129,360,212,116,116,426,229,109,109,457,256,114,114,457,261,113,113,466,252,109,109,448,221,117,117,396,196,128,128,280,171,152,152,170,168,172,172,53,183,177,177,-11,201,188,188,-43,220,184,184,0,0,0,0,0,0,0,0,0,0,0,0,0,0,0,0,3645454,Nguyen Ngoc Thien,19110149,27/05/2022,127.0.0.1,Logistic Regression
T,228,173,155,155,227,171,151,151,228,169,156,156,238,172,154,154,246,171,148,148,238,181,143,143,240,182,144,144,236,181,148,148,244,177,153,153,240,182,158,158,248,184,148,148,222,171,155,155,216,167,132,132,181,159,137,137,182,158,132,132,178,160,142,142,211,156,148,148,216,167,130,130,219,185,132,132,230,200,121,121,228,193,131,131,226,196,130,130,229,198,126,126,230,199,127,127,227,197,127,127,227,199,124,124,223,202,125,125,222,201,128,128,223,203,124,124,236,206,116,116,231,195,124,124,228,201,127,127,222,219,131,131,265,200,123,123,271,213,118,118,220,204,131,131,221,205,129,129,223,202,132,132,232,208,115,115,229,206,120,120,252,220,121,121,294,213,124,124,330,226,115,115,353,210,162,162,414,248,140,140,411,263,126,126,0,0,0,0,0,0,0,0,63,185,188,188,-10,187,196,196,-21,208,189,189,12,245,160,160,-8,209,199,199,14,224,185,185,14,226,176,176,23,233,167,167,20,232,169,169,19,224,177,177,13,218,184,184,11,217,188,188,-19,217,210,210,0,196,184,184,16,190,193,193,48,187,187,187,76,232,245,245,166,190,261,261,302,186,210,210,409,236,199,199,0,0,0,0,0,0,0,0,0,0,0,0,0,0,0,0,0,0,0,0,0,0,0,0,0,0,0,0,0,0,0,0,0,0,0,0,425,258,247,247,414,257,210,210,372,240,206,206,332,223,199,199,271,192,192,192,245,182,157,157,232,177,139,139,222,179,139,139,171,186,165,165,123,187,184,184,84,177,166,166,94,184,153,153,119,178,160,160,166,176,154,154,177,182,163,163,197,197,155,155,199,196,154,154,195,191,159,159,198,196,157,157,199,194,158,158,196,196,157,157,197,193,163,163,193,189,165,165,198,197,159,159,192,187,169,169,194,190,164,164,202,193,161,161,220,192,169,169,232,195,165,165,228,198,167,167,218,192,172,172,227,201,166,166,230,202,168,168,228,201,167,167,226,199,169,169,225,196,172,172,220,194,176,176,220,196,171,171,221,193,176,176,230,201,164,164,224,195,174,174,221,194,176,176,225,199,172,171,225,198,173,173,224,195,172,172,220,194,175,175,228,198,171,171,248,197,179,179,250,206,168,168,260,204,159,159,250,204,164,164,233,203,176,176,236,203,175,175,238,209,168,168,233,201,175,175,235,200,176,176,229,197,179,179,237,199,170,170,229,196,175,175,237,200,171,171,237,198,171,171,238,199,169,169,235,199,173,173,230,195,175,175,232,197,177,177,236,200,171,171,239,204,168,168,240,210,160,160,232,198,175,175,219,195,170,170,173,192,167,167,121,187,174,174,85,200,161,161,043434343,Nguyen Ngoc Thien,19110148,28/05/2022,127.0.0.1,KNeighbors Classifier
T,75,198,165,165,56,206,161,161,57,211,160,160,56,207,167,167,0,0,0,0,193,188,157,157,223,187,162,162,236,195,148,148,223,187,148,148,201,185,145,145,181,190,135,135,177,178,139,139,174,165,151,151,192,144,179,179,245,109,220,220,342,130,200,200,257,144,259,259,8,100,360,360,0,0,0,0,0,0,0,0,0,0,0,0,0,0,0,0,0,0,0,0,0,0,0,0,0,0,0,0,0,0,0,0,0,0,0,0,0,0,0,0,0,0,0,0,0,0,0,0,0,0,0,0,0,0,0,0,0,0,0,0,0,0,0,0,0,0,0,0,0,0,0,0,0,0,0,0,0,0,0,0,0,0,0,0,0,0,0,0,0,0,0,0,0,0,0,0,0,0,0,0,0,0,0,0,0,0,0,0,0,0,0,0,0,0,0,0,-22,132,172,172,0,0,0,0,0,0,0,0,0,0,0,0,0,0,0,0,0,0,0,0,0,0,0,0,0,0,0,0,0,0,0,0,0,0,0,0,0,0,0,0,0,0,0,0,0,0,0,0,0,0,0,0,0,0,0,0,0,0,0,0,0,0,0,0,0,0,0,0,0,0,0,0,0,0,0,0,0,0,0,0,0,0,0,0,0,0,0,0,0,0,0,0,0,0,0,0,0,0,0,0,0,0,0,0,0,0,0,0,0,0,0,0,0,0,0,0,0,0,0,0,0,0,0,0,0,0,0,0,0,0,0,0,0,0,0,0,0,0,0,0,0,0,0,0,0,0,0,0,0,0,0,0,0,0,0,0,0,0,0,0,0,0,0,0,0,0,0,0,0,0,0,0,0,0,0,0,0,0,0,0,0,0,0,0,0,0,0,0,0,0,0,0,0,0,0,0,0,0,0,0,0,0,0,0,0,0,0,0,0,0,0,0,0,0,0,0,0,0,0,0,0,0,0,0,0,0,0,0,0,0,0,0,0,0,0,0,0,0,0,0,202,16,141,141,194,31,110,110,0,0,0,0,0,0,0,0,0,0,0,0,0,0,0,0,0,0,0,0,0,0,0,0,0,0,0,0,0,0,0,0,0,0,0,0,0,0,0,0,0,0,0,0,0,0,0,0,0,0,0,0,178,38,104,104,181,77,106,106,177,90,117,117,179,95,119,119,177,94,120,120,175,94,120,120,176,95,119,119,173,95,121,121,169,87,122,122,174,92,112,112,164,87,119,119,170,92,117,117,177,98,114,114,170,87,118,118,176,78,112,112,0,0,0,0,0,0,0,0,0,0,0,0,0,0,0,0,0,0,0,0,0,0,0,0,0,0,0,0,0,0,0,0,0,0,0,0,0,0,0,0,0,0,0,0,0,0,0,0,043434343,Nguyen Ngoc Thien,19110148,28/05/2022,127.0.0.1,KNeighbors Classifier
F,155,13,186,186,158,8,189,189,165,13,182,182,159,8,191,191,167,19,180,180,173,27,170,170,167,10,186,186,163,11,190,190,165,16,185,185,155,3,199,199,165,13,187,187,165,11,195,195,166,15,188,188,171,19,182,182,164,16,184,184,159,20,185,185,172,32,171,171,161,19,185,185,152,15,192,192,148,6,200,200,162,20,179,179,151,9,193,193,152,9,192,192,162,15,188,188,170,21,162,162,0,0,0,0,176,12,159,159,0,0,0,0,0,0,0,0,0,0,0,0,0,0,0,0,0,0,0,0,0,0,0,0,0,0,0,0,0,0,0,0,0,0,0,0,0,0,0,0,174,77,225,225,0,0,0,0,172,100,104,104,134,130,137,137,66,177,165,165,0,0,0,0,0,0,0,0,0,0,0,0,0,0,0,0,64,136,153,153,46,128,165,165,0,0,0,0,0,0,0,0,0,0,0,0,0,0,0,0,0,0,0,0,0,0,0,0,0,0,0,0,0,0,0,0,0,0,0,0,0,0,0,0,0,0,0,0,0,0,0,0,0,0,0,0,0,0,0,0,0,0,0,0,0,0,0,0,0,0,0,0,0,0,0,0,0,0,0,0,0,0,0,0,0,0,0,0,0,0,0,0,0,0,0,0,0,0,0,0,0,0,0,0,0,0,0,0,0,0,0,0,0,0,0,0,0,0,0,0,0,0,0,0,0,0,0,0,0,0,0,0,0,0,0,0,0,0,0,0,0,0,0,0,0,0,0,0,0,0,0,0,0,0,0,0,0,0,0,0,0,0,0,0,0,0,0,0,0,0,0,0,0,0,0,0,0,0,0,0,0,0,0,0,0,0,0,0,0,0,0,0,0,0,0,0,0,0,0,0,0,0,0,0,0,0,0,0,0,0,0,0,0,0,0,0,0,0,0,0,0,0,0,0,0,0,0,0,0,0,0,0,0,0,0,0,0,0,0,0,0,0,0,0,0,0,0,0,0,0,0,0,0,0,0,0,0,0,0,0,0,0,0,0,0,0,0,0,0,0,0,0,0,0,0,0,0,0,0,0,0,0,0,0,0,0,0,0,0,0,0,0,0,0,0,0,0,0,0,0,0,0,0,0,0,0,0,0,0,0,0,0,0,0,0,0,0,0,0,0,0,0,0,0,0,0,0,0,0,0,0,0,0,0,0,0,0,0,0,0,0,0,0,0,0,0,0,0,0,0,0,0,0,0,0,0,0,0,0,0,0,0,0,0,0,0,0,0,0,0,0,0,0,0,0,0,0,0,0,0,0,0,0,0,0,0,0,0,0,0,0,0,0,0,0,0,0,0,0,0,0,0,0,0,0,0,0,0,0,0,0,0,043434343,Nguyen Ngoc Thien,19110148,28/05/2022,127.0.0.1,Suport Vector Machine
F,0,0,0,0,0,0,0,0,0,0,0,0,0,0,0,0,0,0,0,0,0,0,0,0,0,0,0,0,0,0,0,0,0,0,0,0,0,0,0,0,0,0,0,0,0,0,0,0,0,0,0,0,0,0,0,0,0,0,0,0,0,0,0,0,0,0,0,0,0,0,0,0,0,0,0,0,0,0,0,0,0,0,0,0,0,0,0,0,0,0,0,0,0,0,0,0,0,0,0,0,0,0,0,0,0,0,0,0,0,0,0,0,0,0,0,0,0,0,0,0,0,0,0,0,0,0,0,0,0,0,0,0,0,0,0,0,0,0,0,0,0,0,0,0,0,0,0,0,0,0,0,0,0,0,0,0,0,0,0,0,0,0,0,0,0,0,0,0,0,0,0,0,0,0,0,0,0,0,0,0,0,0,0,0,0,0,0,0,0,0,0,0,0,0,0,0,0,0,0,0,0,0,0,0,0,0,0,0,0,0,0,0,0,0,0,0,0,0,0,0,0,0,0,0,0,0,0,0,0,0,0,0,0,0,0,0,0,0,0,0,0,0,0,0,0,0,0,0,0,0,0,0,0,0,0,0,0,0,0,0,0,0,0,0,0,0,0,0,0,0,0,0,0,0,0,0,0,0,0,0,0,0,0,0,0,0,0,0,0,0,0,0,0,0,0,0,0,0,0,0,0,0,0,0,0,0,0,0,0,0,0,0,0,0,0,0,0,0,0,0,0,0,0,0,0,0,0,0,0,0,0,0,0,0,0,0,0,0,0,0,0,0,0,0,0,0,0,0,0,0,0,0,0,0,0,0,0,0,0,0,0,0,0,0,0,0,0,0,0,0,0,0,0,0,0,0,0,0,0,0,0,0,0,0,0,0,0,0,0,0,0,0,0,0,0,0,0,0,0,0,0,0,0,0,0,0,0,0,0,0,0,0,0,0,0,0,0,0,0,0,0,0,0,0,0,0,0,0,0,0,0,0,0,0,0,0,0,0,0,0,0,0,0,0,0,0,0,0,0,0,0,0,0,0,0,0,0,0,0,0,0,0,0,0,0,0,0,0,0,0,0,0,0,0,0,0,0,0,0,0,0,0,0,0,0,0,0,0,0,0,0,0,0,0,0,0,0,0,0,0,0,0,0,0,0,0,0,0,0,0,0,0,0,0,0,0,0,0,0,0,0,0,0,0,0,0,0,0,0,0,0,0,0,0,0,0,0,0,0,0,0,0,0,0,0,0,0,0,0,0,0,0,0,0,0,0,0,0,0,0,0,0,0,0,0,0,0,0,0,0,0,0,0,0,0,0,0,0,0,0,0,0,0,0,0,0,0,0,0,0,0,0,0,0,0,0,0,0,0,0,043434343,Nguyen Ngoc Thien,19110148,28/05/2022,127.0.0.1,Suport Vector Machine
F,0,0,0,0,0,0,0,0,0,0,0,0,0,0,0,0,0,0,0,0,0,0,0,0,0,0,0,0,0,0,0,0,0,0,0,0,0,0,0,0,0,0,0,0,0,0,0,0,0,0,0,0,0,0,0,0,0,0,0,0,0,0,0,0,0,0,0,0,0,0,0,0,0,0,0,0,0,0,0,0,0,0,0,0,0,0,0,0,0,0,0,0,0,0,0,0,0,0,0,0,0,0,0,0,0,0,0,0,0,0,0,0,0,0,0,0,0,0,0,0,0,0,0,0,0,0,0,0,0,0,0,0,0,0,0,0,0,0,0,0,0,0,0,0,0,0,0,0,0,0,0,0,0,0,0,0,0,0,0,0,0,0,0,0,0,0,0,0,0,0,0,0,0,0,0,0,0,0,0,0,0,0,0,0,0,0,0,0,0,0,0,0,0,0,0,0,0,0,0,0,0,0,0,0,0,0,0,0,0,0,0,0,0,0,0,0,0,0,0,0,0,0,0,0,0,0,0,0,0,0,0,0,0,0,0,0,0,0,0,0,0,0,0,0,0,0,0,0,0,0,0,0,0,0,0,0,0,0,0,0,0,0,0,0,0,0,0,0,0,0,0,0,0,0,0,0,0,0,0,0,0,0,0,0,0,0,0,0,0,0,0,0,0,0,0,0,0,0,0,0,0,0,0,0,0,0,0,0,0,0,0,0,0,0,0,0,0,0,0,0,0,0,0,0,0,0,0,0,0,0,0,0,0,0,0,0,0,0,0,0,0,0,0,0,0,0,0,0,0,0,0,0,0,0,0,0,0,0,0,0,0,0,0,0,0,0,0,0,0,0,0,0,0,0,0,0,0,0,0,0,0,0,0,0,0,0,0,0,0,0,0,0,0,0,0,0,0,0,0,0,0,0,0,0,0,0,0,0,0,0,0,0,0,0,0,0,0,0,0,0,0,0,0,0,0,0,0,0,0,0,0,0,0,0,0,0,0,0,0,0,0,0,0,0,0,0,0,0,0,0,0,0,0,0,0,0,0,0,0,0,0,0,0,0,0,0,0,0,0,0,0,0,0,0,0,0,0,0,0,0,0,0,0,0,0,0,0,0,0,0,0,0,0,0,0,0,0,0,0,0,0,0,0,0,0,0,0,0,0,0,0,0,0,0,0,0,0,0,0,0,0,0,0,0,0,0,0,0,0,0,0,0,0,0,0,0,0,0,0,0,0,0,0,0,0,0,0,0,0,0,0,0,0,0,0,0,0,0,0,0,0,0,0,0,0,0,0,0,0,0,0,0,0,0,0,0,0,0,0,0,0,0,0,0,0,0,0,0,0,0,0,0,0,0,0,0,0,0,0,0,043434343,Nguyen Ngoc Thien,19110148,28/05/2022,127.0.0.1,Suport Vector Machine
T,226,39,185,185,224,40,186,186,225,46,182,182,224,44,183,183,232,49,176,176,224,45,184,184,221,40,188,188,227,45,182,182,217,36,188,188,212,29,185,185,210,12,198,198,213,19,183,183,222,45,170,170,234,66,153,153,231,63,156,156,0,0,0,0,0,0,0,0,0,0,0,0,0,0,0,0,0,0,0,0,0,0,0,0,0,0,0,0,0,0,0,0,0,0,0,0,0,0,0,0,0,0,0,0,0,0,0,0,0,0,0,0,0,0,0,0,0,0,0,0,0,0,0,0,0,0,0,0,249,219,137,137,0,0,0,0,0,0,0,0,0,0,0,0,0,0,0,0,0,0,0,0,0,0,0,0,0,0,0,0,0,0,0,0,0,0,0,0,0,0,0,0,0,0,0,0,0,0,0,0,0,0,0,0,0,0,0,0,0,0,0,0,0,0,0,0,0,0,0,0,0,0,0,0,0,0,0,0,0,0,0,0,0,0,0,0,0,0,0,0,0,0,0,0,0,0,0,0,0,0,0,0,0,0,0,0,0,0,0,0,0,0,0,0,0,0,0,0,0,0,0,0,0,0,0,0,0,0,0,0,0,0,0,0,0,0,0,0,0,0,0,0,0,0,0,0,0,0,0,0,0,0,0,0,0,0,0,0,0,0,0,0,0,0,0,0,0,0,0,0,0,0,0,0,0,0,0,0,0,0,0,0,0,0,0,0,0,0,0,0,0,0,0,0,0,0,0,0,0,0,0,0,0,0,0,0,0,0,0,0,0,0,0,0,0,0,0,0,0,0,0,0,0,0,0,0,0,0,0,0,0,0,0,0,0,0,0,0,0,0,0,0,0,0,0,0,0,0,0,0,0,0,0,0,0,0,0,0,0,0,0,0,208,110,153,153,212,113,151,151,216,104,167,167,227,114,162,162,227,98,178,178,227,94,185,185,221,78,197,197,220,95,184,184,219,87,177,177,206,69,187,187,207,81,179,179,201,78,201,201,211,91,184,184,204,74,201,201,219,78,161,161,186,47,190,190,186,52,184,184,200,59,181,181,196,65,180,180,200,46,187,187,218,46,176,176,218,34,176,176,213,18,188,188,217,13,196,196,214,19,190,190,212,13,192,192,206,17,191,191,206,20,191,191,210,24,186,186,213,38,182,182,206,38,196,196,213,35,194,194,210,35,183,183,193,12,192,192,175,-7,202,202,163,-9,200,200,147,3,197,197,135,-1,204,204,132,5,202,202,124,-5,216,216,145,14,197,197,163,31,176,176,160,21,197,197,156,74,169,169,0,0,0,0,156,85,165,165,0,0,0,0,0,0,0,0,134,53,196,196,177,45,194,194,182,67,184,184,170,55,196,196,043434343,Nguyen Ngoc Thien,19110148,28/05/2022,127.0.0.1,Logistic Regression
T,156,49,201,201,159,59,198,198,159,59,193,193,160,58,191,191,161,51,196,196,157,44,208,208,159,40,208,208,159,33,217,217,163,47,201,201,163,44,204,204,167,45,211,211,167,57,188,188,160,34,210,210,154,29,199,199,142,12,206,206,156,10,190,190,133,6,197,197,149,2,197,197,169,16,180,180,168,7,190,190,158,-4,201,201,165,10,185,185,167,6,189,189,175,14,182,182,182,22,190,190,286,102,189,189,444,87,135,135,479,90,117,117,460,92,141,141,0,0,0,0,0,0,0,0,372,132,127,127,420,104,107,107,0,0,0,0,0,0,0,0,0,0,0,0,0,0,0,0,0,0,0,0,0,0,0,0,0,0,0,0,0,0,0,0,0,0,0,0,0,0,0,0,0,0,0,0,0,0,0,0,0,0,0,0,0,0,0,0,0,0,0,0,0,0,0,0,0,0,0,0,0,0,0,0,0,0,0,0,0,0,0,0,0,0,0,0,0,0,0,0,0,0,0,0,0,0,0,0,0,0,0,0,0,0,0,0,0,0,0,0,0,0,0,0,0,0,0,0,0,0,0,0,9,-23,202,202,0,0,0,0,0,0,0,0,0,0,0,0,0,0,0,0,0,0,0,0,0,0,0,0,0,0,0,0,0,0,0,0,0,0,0,0,0,0,0,0,0,0,0,0,0,0,0,0,0,0,0,0,0,0,0,0,0,0,0,0,0,0,0,0,0,0,0,0,0,0,0,0,0,0,0,0,0,0,0,0,0,0,0,0,0,0,0,0,0,0,0,0,0,0,0,0,0,0,0,0,0,0,0,0,0,0,0,0,0,0,0,0,0,0,0,0,0,0,0,0,0,0,0,0,0,0,0,0,0,0,0,0,0,0,0,0,0,0,0,0,0,0,0,0,0,0,0,0,0,0,0,0,0,0,0,0,0,0,0,0,0,0,0,0,0,0,0,0,0,0,0,0,0,0,0,0,0,0,0,0,0,0,0,0,0,0,0,0,0,0,0,0,0,0,0,0,0,0,0,0,0,0,0,0,0,0,0,0,0,0,0,0,0,0,0,0,-10,116,159,159,23,142,151,151,61,216,115,115,0,0,0,0,0,0,0,0,0,0,0,0,0,0,0,0,81,200,103,103,76,204,95,95,0,0,0,0,0,0,0,0,0,0,0,0,117,190,100,100,0,0,0,0,0,0,0,0,123,193,117,117,125,190,106,106,149,174,113,113,158,128,147,147,157,106,173,173,180,111,172,172,175,117,153,153,174,113,161,161,177,118,165,165,181,124,160,160,208,126,179,179,312,164,142,142,297,160,133,133,212,169,117,117,148,196,110,110,136,216,101,101,125,218,107,107,043434343,Nguyen Ngoc Thien,19110148,28/05/2022,127.0.0.1,Logistic Regression
T,144,206,105,105,142,213,105,105,147,214,101,101,148,207,105,105,145,204,104,104,146,189,102,102,154,168,118,118,159,150,127,127,168,139,132,132,171,136,137,137,172,138,134,134,162,133,144,144,0,0,0,0,0,0,0,0,0,0,0,0,0,0,0,0,0,0,0,0,0,0,0,0,0,0,0,0,0,0,0,0,0,0,0,0,0,0,0,0,0,0,0,0,0,0,0,0,0,0,0,0,0,0,0,0,0,0,0,0,0,0,0,0,0,0,0,0,0,0,0,0,0,0,0,0,0,0,0,0,0,0,0,0,0,0,0,0,0,0,0,0,0,0,0,0,0,0,0,0,0,0,0,0,0,0,0,0,0,0,0,0,0,0,0,0,0,0,0,0,0,0,0,0,0,0,0,0,0,0,0,0,0,0,0,0,0,0,0,0,0,0,0,0,0,0,0,0,0,0,0,0,0,0,0,0,0,0,0,0,0,0,0,0,0,0,0,0,0,0,0,0,0,0,0,0,0,0,0,0,0,0,0,0,0,0,0,0,0,0,0,0,0,0,0,0,0,0,0,0,0,0,0,0,0,0,0,0,0,0,0,0,0,0,0,0,0,0,0,0,0,0,0,0,0,0,0,0,0,0,0,0,0,0,0,0,0,0,0,0,0,0,0,0,0,0,0,0,0,0,0,0,0,0,0,0,0,0,0,0,0,0,0,0,0,0,0,0,0,0,0,0,0,0,0,0,0,0,0,0,0,0,0,0,0,0,0,0,0,0,0,0,0,0,0,0,0,0,0,0,0,0,0,0,0,0,0,0,0,0,0,0,0,0,0,0,0,0,0,0,0,0,0,0,0,0,0,0,0,0,0,0,0,0,0,0,0,0,0,0,0,0,0,0,0,0,0,0,0,0,0,0,0,0,0,0,0,0,0,0,0,0,0,0,0,0,0,0,0,0,0,0,0,0,0,0,0,0,0,0,0,0,0,0,0,0,0,0,0,0,0,0,0,0,0,0,0,0,0,0,0,0,0,0,0,0,0,0,0,0,0,0,0,0,0,0,0,0,0,0,0,0,0,0,0,0,0,0,0,0,0,0,0,0,0,0,0,0,0,0,0,0,0,0,0,0,0,0,0,0,0,0,0,0,0,0,0,0,0,0,0,0,0,0,0,0,0,0,0,0,0,0,0,0,0,0,0,0,0,0,0,0,0,0,0,0,0,0,0,0,0,0,0,0,0,0,0,0,0,0,0,0,0,0,0,0,0,0,0,0,0,0,0,0,0,0,0,0,0,0,0,0,0,0,0,0,0,0,0,0,0,0,0,0,0,0,0,0,0,0,0,0,0,0,0,0,0,0,0,0,0,0,043434343,Nguyen Ngoc Thien,19110148,28/05/2022,127.0.0.1,Logistic Regression
T,219,252,141,141,218,252,141,141,217,252,142,142,217,254,142,142,216,253,145,145,212,256,150,150,210,254,144,144,202,251,149,149,198,245,160,160,206,246,153,153,207,246,153,153,209,249,150,150,213,254,145,145,205,258,148,148,204,250,147,147,204,254,147,147,199,248,153,153,207,247,152,152,210,252,155,155,218,252,149,149,215,258,151,151,216,251,146,146,218,250,145,145,216,248,146,146,219,250,143,143,215,251,142,142,213,251,142,142,215,251,140,140,210,248,145,145,205,242,143,143,221,247,142,142,230,250,137,137,226,247,138,138,225,247,134,134,252,245,125,125,273,257,132,132,272,258,135,135,274,254,134,134,265,248,150,150,243,251,146,146,222,252,138,138,219,251,139,139,225,250,143,143,230,249,148,148,236,256,141,141,230,251,140,140,243,257,133,133,247,255,136,136,238,247,146,146,237,248,153,153,247,253,154,154,249,251,146,146,252,249,154,154,255,251,146,146,243,251,154,154,238,255,145,145,241,255,141,141,237,254,144,144,231,250,146,146,217,246,149,149,206,249,150,150,202,256,150,150,208,252,146,146,216,249,142,142,217,250,147,147,220,255,142,142,221,253,143,143,226,253,140,140,230,255,140,140,231,255,137,137,230,253,139,139,230,253,139,139,233,255,137,137,232,255,140,140,230,253,144,144,227,252,148,148,220,255,140,140,222,256,144,144,228,250,149,149,230,251,151,151,226,256,147,147,227,252,147,147,227,251,146,146,229,253,142,142,228,254,142,142,229,252,144,144,232,254,142,142,228,253,143,143,222,252,144,144,221,254,140,140,221,249,138,138,221,239,136,136,250,205,136,136,301,143,135,136,342,119,144,144,362,108,152,152,372,88,149,149,370,79,141,141,357,60,153,153,342,49,153,153,342,20,173,173,343,5,180,180,340,-5,182,182,361,0,188,188,336,72,205,205,271,150,193,193,221,205,174,174,212,234,152,152,228,244,145,145,266,244,152,152,277,237,158,158,268,229,171,171,257,234,159,159,243,229,153,153,233,224,145,145,224,225,147,147,220,225,151,151,232,221,152,152,261,207,146,146,300,158,154,154,333,131,152,152,248,147,180,180,134,191,178,178,63,208,172,172,15,201,169,169,-27,192,192,192,55,187,177,177,152,189,170,170,207,209,163,163,225,230,163,163,216,230,167,167,214,235,160,160,212,234,157,157,209,238,153,153,211,241,150,150,214,244,148,148,215,241,147,147,213,239,151,151,211,227,160,160,206,227,166,166,207,224,170,170,208,223,174,174,214,227,169,169,213,227,167,167,215,227,165,165,214,225,167,167,215,228,166,166,218,230,162,162,217,228,164,164,218,230,162,162,092321,DatNgp,19110115,28/05/2022,127.0.0.1,Suport Vector Machine
T,218,227,164,164,218,227,164,164,218,227,163,163,218,228,163,163,214,225,168,168,215,226,165,165,216,231,164,164,219,233,163,163,226,241,162,162,229,244,167,167,226,243,170,170,224,248,167,167,220,245,171,171,210,240,167,167,212,239,161,161,215,236,157,157,221,238,153,153,219,234,159,159,220,235,158,158,218,235,158,158,221,238,156,156,214,235,157,157,212,233,161,161,212,232,162,162,213,232,160,160,215,233,159,159,214,232,162,162,213,233,161,161,215,237,158,158,215,236,159,159,215,235,158,158,216,237,157,157,215,235,161,161,211,238,167,167,209,241,156,156,197,237,170,170,207,236,161,161,212,236,160,160,212,237,160,160,213,235,160,160,212,236,160,160,212,235,158,158,211,234,156,156,209,228,163,163,214,236,157,157,215,237,155,155,214,237,159,159,214,236,160,160,218,239,160,160,219,241,157,157,220,238,158,158,220,239,158,158,211,226,167,167,215,236,158,158,216,236,158,158,215,236,158,158,214,233,157,157,214,232,158,158,219,231,159,159,214,227,161,161,213,230,164,164,213,235,161,161,212,230,165,165,230,239,152,152,234,245,147,147,243,244,141,141,239,250,143,143,234,246,146,146,239,248,144,144,239,251,141,141,238,248,147,147,242,247,146,146,243,248,144,144,240,250,149,149,244,245,149,149,245,248,147,147,243,244,154,154,242,247,156,156,242,253,153,153,243,246,152,152,244,241,156,156,242,247,156,156,245,249,151,151,239,243,162,162,242,247,160,160,241,245,160,160,245,257,158,158,246,256,159,159,245,255,163,163,244,255,167,167,249,255,167,167,246,256,167,167,249,257,162,162,248,257,160,160,246,256,167,167,248,256,167,167,249,255,168,168,251,255,166,166,252,257,163,163,247,257,166,166,247,253,169,169,245,259,161,161,221,246,174,174,205,237,182,182,207,236,181,181,214,242,176,176,214,238,179,179,219,245,172,172,212,241,183,183,212,244,179,179,215,240,177,177,217,241,177,177,215,244,171,171,213,241,176,176,217,241,169,169,215,241,171,171,214,245,174,174,216,246,169,169,212,240,173,173,211,244,173,173,213,247,175,175,232,252,171,171,238,253,170,170,240,252,175,175,242,256,174,174,242,255,169,169,242,254,168,168,241,256,168,168,242,256,169,169,241,256,169,169,244,259,164,164,242,257,166,166,241,256,168,168,242,257,166,166,241,257,166,166,239,254,170,170,241,252,165,165,242,249,164,164,243,245,165,165,247,242,160,160,248,242,160,160,250,245,156,156,250,245,155,155,250,246,155,155,250,246,157,157,250,251,154,154,250,246,157,157,250,246,157,157,254,249,152,152,253,249,151,151,092321,DatNgp,19110115,28/05/2022,127.0.0.1,Suport Vector Machine
T,254,249,144,144,233,244,158,158,242,255,144,144,254,257,134,134,233,261,145,145,209,261,147,147,203,261,147,147,196,262,152,152,191,255,161,161,221,262,134,134,202,250,157,157,202,252,153,153,208,255,150,150,209,255,152,152,206,250,165,165,211,254,161,161,208,252,160,160,208,256,157,157,207,260,151,151,208,256,158,158,208,256,154,154,208,249,160,160,208,258,157,157,211,258,153,153,208,261,153,153,210,261,154,154,214,260,150,150,214,262,153,153,214,262,151,151,216,266,148,148,215,263,151,151,212,254,158,158,214,261,156,156,216,257,153,153,217,263,150,150,213,258,156,156,215,259,155,155,211,257,159,159,216,259,157,157,218,262,155,155,217,263,154,154,215,258,156,156,213,261,158,158,220,257,155,155,210,260,153,153,209,257,154,154,206,261,157,157,206,262,152,152,208,257,152,152,205,255,153,153,204,250,153,153,205,251,151,151,207,252,149,149,205,254,153,153,204,251,155,155,203,251,153,153,206,252,150,150,204,250,155,155,200,248,156,156,206,252,150,150,203,253,151,151,205,251,153,153,204,251,153,153,205,249,159,159,208,248,155,155,207,247,155,155,208,250,149,149,210,249,151,151,216,251,147,147,215,253,147,147,219,251,145,145,215,250,149,149,212,249,145,145,209,248,147,147,211,248,151,151,208,246,153,153,207,250,151,151,209,249,154,154,212,249,155,155,212,252,153,153,207,250,151,151,207,245,158,158,212,248,146,146,213,246,141,141,201,248,145,145,206,251,143,143,206,249,148,148,207,248,146,146,209,247,145,145,203,244,151,151,207,247,145,145,210,245,149,149,218,247,150,150,215,244,151,151,214,246,153,153,217,249,149,149,217,251,156,156,215,251,155,155,217,254,155,155,220,252,156,156,221,251,156,156,217,252,157,157,216,256,155,155,221,251,153,153,209,250,160,160,211,252,165,165,213,255,160,160,213,256,160,160,208,240,167,167,211,244,160,160,207,251,159,159,205,251,162,162,206,249,162,162,196,250,167,167,191,247,173,173,194,249,171,171,197,247,164,164,206,245,159,159,209,249,159,159,213,249,158,158,216,253,160,160,213,252,161,161,210,251,158,158,206,248,156,156,207,246,153,153,208,245,156,156,209,247,154,154,212,247,155,155,214,246,153,153,213,244,154,154,211,245,157,157,209,241,160,160,212,243,157,157,211,243,157,157,210,242,160,160,208,241,162,162,210,243,160,160,210,242,160,160,211,244,157,157,212,246,155,155,214,246,154,154,212,246,156,156,208,252,159,159,210,249,157,157,209,244,158,158,209,246,153,153,207,244,156,156,205,242,164,164,204,261,159,159,187,242,157,157,092321,DatNgp,19110115,28/05/2022,127.0.0.1,Suport Vector Machine
F,241,148,184,184,240,148,189,189,249,150,180,180,255,146,158,158,241,144,186,186,242,142,188,188,230,141,199,199,225,145,198,198,225,144,195,195,219,142,207,207,213,140,214,214,-17,277,108,108,-19,274,109,109,-17,275,105,105,-18,275,109,109,-24,276,112,112,-17,275,106,106,-15,275,102,102,-19,273,111,111,-15,278,106,106,-21,274,113,113,-18,274,109,109,-17,275,107,107,-18,275,110,110,-17,276,107,107,-23,278,110,110,-20,275,110,110,-6,275,109,109,-13,272,116,116,-31,279,138,138,0,0,0,0,-28,292,135,135,-8,301,122,122,-37,308,152,152,-14,309,129,129,0,311,119,119,10,312,109,109,-2,308,123,123,3,310,116,116,5,305,126,126,0,309,134,134,232,142,175,175,229,143,182,182,229,140,183,183,231,148,183,183,237,145,176,176,233,146,178,178,238,147,175,175,238,144,180,180,29,294,109,109,33,295,113,113,29,291,114,114,19,295,122,122,25,293,118,118,28,299,118,118,30,303,108,108,12,295,109,109,243,136,156,156,245,139,164,164,235,143,192,192,237,147,184,184,234,150,188,188,233,146,182,182,241,150,171,171,237,146,177,177,240,139,161,161,-13,254,108,108,5,266,105,105,24,274,108,108,14,296,121,121,-26,301,138,138,-33,292,144,144,-37,297,143,143,0,0,0,0,0,0,0,0,232,132,161,161,0,0,0,0,0,0,0,0,0,0,0,0,0,0,0,0,234,132,163,163,238,136,148,148,0,0,0,0,242,158,168,168,237,146,184,184,235,150,189,189,229,145,202,202,245,149,181,181,244,153,179,179,245,149,174,174,251,146,165,165,246,152,179,179,249,152,172,172,243,147,182,182,248,149,177,177,243,150,185,185,239,155,189,189,245,155,186,185,251,154,174,174,249,154,179,179,251,153,180,180,251,154,175,175,253,150,163,163,238,143,191,191,244,148,182,182,239,147,182,182,235,135,184,184,0,0,0,0,218,126,178,178,229,137,163,163,216,143,214,214,221,144,200,200,223,143,198,198,230,139,192,192,232,141,197,197,238,143,167,167,228,120,180,180,226,132,165,165,0,0,0,0,218,142,182,182,219,133,172,172,222,129,175,175,0,0,0,0,222,129,167,167,0,0,0,0,225,128,168,168,0,0,0,0,232,140,151,151,0,0,0,0,227,144,183,183,236,147,178,178,218,143,204,204,218,139,202,202,222,141,195,195,241,147,179,179,235,142,196,196,247,152,176,176,247,151,173,173,246,154,177,177,242,153,182,182,246,152,173,173,238,148,185,185,232,147,194,194,241,148,183,183,232,147,197,197,239,151,182,182,236,150,184,184,244,153,167,167,239,149,185,185,246,152,172,172,0365858975,Nguyen Ngoc Thien,19110148,28/05/2022,127.0.0.1,Suport Vector Machine
T,225,160,126,126,224,160,131,131,218,158,137,137,217,153,129,129,220,157,122,122,220,159,138,138,216,163,135,135,211,160,140,140,197,163,158,158,195,163,158,158,193,165,162,162,197,163,164,164,196,164,163,163,192,164,168,168,191,165,169,169,193,164,163,163,198,159,154,154,197,164,157,157,197,163,155,155,194,158,165,165,187,157,157,157,183,154,163,163,184,159,144,144,190,159,125,125,196,163,132,132,191,165,155,155,200,166,147,147,205,161,154,154,215,158,152,152,225,157,145,145,223,158,168,168,223,157,148,148,236,160,150,150,221,162,174,174,229,157,160,160,222,160,168,168,220,161,159,159,205,159,152,152,184,162,166,166,182,168,163,163,188,161,143,143,188,163,137,137,181,163,144,144,185,165,132,132,186,163,139,139,176,165,152,152,179,163,135,135,172,164,140,140,169,164,147,147,189,160,142,142,190,165,140,140,189,168,145,145,197,163,133,133,193,164,137,137,193,167,138,138,171,169,141,141,161,203,112,112,153,191,118,118,165,192,109,109,160,167,152,152,154,173,147,147,163,158,154,154,169,159,146,146,171,156,157,157,187,152,153,153,203,154,158,158,201,169,129,129,188,187,119,119,167,190,133,133,171,198,125,125,159,198,137,137,158,199,140,140,161,202,128,128,164,198,137,137,186,165,164,164,199,160,158,158,210,166,144,144,206,166,151,151,199,175,143,143,187,174,141,141,179,181,136,136,187,173,158,158,185,159,166,166,178,158,183,183,169,148,186,186,139,128,213,213,132,135,209,209,134,123,220,220,131,125,230,230,140,122,227,227,149,126,205,205,137,125,209,209,137,124,213,213,130,125,222,222,134,128,205,205,135,134,209,209,153,140,191,191,156,181,143,143,172,186,128,128,186,181,123,123,175,150,124,124,161,168,122,122,118,186,122,122,61,195,134,134,67,209,126,126,80,194,144,144,129,169,160,160,244,135,178,178,320,148,184,184,344,162,170,170,311,160,159,159,266,167,158,158,224,160,166,166,202,143,171,171,187,130,186,186,181,125,194,194,166,118,201,201,159,113,202,202,159,108,194,194,146,111,205,205,146,108,203,203,134,101,233,232,128,98,229,229,114,99,239,239,121,104,224,224,120,101,221,221,125,108,209,209,129,110,209,209,119,106,234,234,129,103,226,226,137,102,218,218,140,105,210,210,168,122,217,217,164,121,226,226,168,127,201,201,171,131,172,172,175,140,171,171,188,153,177,177,217,169,141,141,229,182,140,140,236,184,141,141,236,188,151,151,238,189,152,152,238,189,152,152,242,195,142,142,247,209,124,124,251,207,129,129,242,203,141,141,238,199,137,137,239,199,141,141,343534,asdasd,vdfdfd,28/05/2022,127.0.0.1,Suport Vector Machine
F,252,200,141,141,260,200,144,144,265,197,135,135,255,197,148,148,264,201,135,135,259,198,144,144,260,198,144,144,262,198,135,135,259,199,137,137,251,197,149,149,248,198,152,152,252,200,145,145,251,197,148,148,250,198,151,151,251,198,146,146,248,196,152,152,248,193,151,151,250,197,148,148,251,196,148,148,254,196,147,147,256,197,146,146,269,213,142,142,244,172,146,146,110,72,298,298,82,55,317,317,-4,-17,415,415,-41,5,384,384,0,0,0,0,51,51,159,159,126,72,157,157,33,33,167,167,0,0,0,0,0,0,0,0,0,0,0,0,0,0,0,0,33,65,228,228,0,0,0,0,0,0,0,0,0,0,0,0,0,0,0,0,0,0,0,0,0,0,0,0,475,18,127,127,458,31,134,134,450,40,133,133,442,34,137,137,441,37,133,133,438,29,130,130,432,20,137,137,435,27,128,128,443,35,134,134,443,42,144,144,447,27,144,144,441,17,151,151,457,40,139,139,458,67,135,135,458,111,139,139,458,83,143,143,480,47,145,145,494,15,140,140,0,0,0,0,0,0,0,0,0,0,0,0,0,0,0,0,0,0,0,0,0,0,0,0,0,0,0,0,0,0,0,0,0,0,0,0,0,0,0,0,0,0,0,0,71,13,293,293,171,128,200,200,219,124,154,154,239,128,151,151,258,144,129,129,263,151,122,122,255,153,127,127,247,152,116,116,210,155,124,124,165,169,129,129,125,176,105,105,104,184,107,107,88,163,117,117,93,158,121,121,88,151,127,127,81,145,132,132,49,130,158,158,38,97,196,196,54,60,222,222,79,40,213,213,76,42,205,205,84,74,186,186,92,85,192,192,148,91,148,148,142,126,142,142,141,157,128,128,152,177,106,106,142,189,121,121,0,0,0,0,0,0,0,0,142,189,114,114,146,145,143,143,180,112,188,188,203,63,242,242,181,42,248,248,174,60,230,230,193,97,209,209,200,109,192,192,206,123,180,180,195,124,192,192,193,129,192,192,212,142,168,168,214,138,166,166,0,0,0,0,0,0,0,0,0,0,0,0,0,0,0,0,0,0,0,0,0,0,0,0,0,0,0,0,0,0,0,0,0,0,0,0,0,0,0,0,0,0,0,0,0,0,0,0,0,0,0,0,0,0,0,0,0,0,0,0,0,0,0,0,0,0,0,0,0,0,0,0,0,0,0,0,0,0,0,0,0,0,0,0,0,0,0,0,0,0,0,0,0,0,0,0,0,0,0,0,0,0,0,0,0,0,0,0,0,0,0,0,0,0,0,0,0,0,0,0,0,0,0,0,0,0,0,0,0,0,0,0,0,0,0,0,0,0,0,0,0,0,0,0,343534,asdasd,vdfdfd,28/05/2022,127.0.0.1,Suport Vector Machine
F,236,88,179,179,248,96,154,154,248,104,159,159,251,110,151,151,242,118,153,153,250,138,135,135,253,159,133,133,253,163,127,127,255,151,133,133,250,151,131,131,245,154,123,123,237,142,126,126,244,136,135,135,242,134,141,141,235,131,142,142,238,136,138,138,235,137,149,149,243,136,140,140,244,139,138,138,245,138,141,141,250,139,136,136,249,138,136,136,251,139,131,131,10,147,116,116,7,141,120,120,8,141,122,122,267,138,131,131,10,133,123,123,-1,102,119,119,439,126,154,154,0,0,0,0,0,0,0,0,0,0,0,0,0,0,0,0,0,0,0,0,0,0,0,0,0,0,0,0,0,0,0,0,441,113,197,197,432,90,164,164,434,96,172,172,61,73,121,121,106,105,113,113,103,89,149,149,102,67,146,146,80,42,170,170,89,57,169,169,98,66,153,153,93,67,164,164,87,70,155,155,86,64,149,149,92,62,141,141,305,143,156,156,306,157,148,148,311,182,138,138,317,198,131,131,306,209,119,119,288,196,130,130,283,195,127,127,286,199,125,125,286,197,131,131,289,197,131,131,51,102,125,125,293,195,125,125,298,201,127,127,303,204,117,117,299,206,123,123,299,201,126,126,298,205,128,128,296,204,129,129,295,207,130,130,295,205,130,130,299,207,123,123,297,207,126,126,298,208,124,124,295,207,131,131,295,204,138,138,309,200,124,124,312,210,120,120,318,224,112,112,315,224,108,108,300,229,121,121,305,230,120,120,298,231,124,124,0,0,0,0,0,0,0,0,0,0,0,0,348,257,97,97,0,0,0,0,0,0,0,0,5,36,114,114,4,38,114,114,0,0,0,0,0,0,0,0,344,267,92,92,0,0,0,0,0,0,0,0,0,0,0,0,0,0,0,0,0,0,0,0,0,0,0,0,0,0,0,0,0,0,0,0,0,0,0,0,0,0,0,0,0,0,0,0,0,0,0,0,0,0,0,0,0,0,0,0,0,0,0,0,0,0,0,0,0,0,0,0,0,0,0,0,0,0,0,0,0,0,0,0,0,0,0,0,0,0,0,0,0,0,0,0,0,0,0,0,0,0,0,0,0,0,0,0,0,0,0,0,301,221,120,120,278,183,133,133,247,153,151,151,227,143,162,162,221,138,162,162,232,141,153,153,239,155,133,133,244,166,121,121,245,169,132,132,274,170,131,131,318,167,120,120,364,157,117,117,368,158,119,119,328,158,132,132,282,139,147,147,278,149,157,157,263,149,154,154,225,154,158,158,193,153,160,160,183,150,163,163,184,151,177,177,214,151,165,165,232,150,164,164,246,142,167,167,251,148,172,172,254,142,171,171,248,140,163,163,249,143,156,156,5346534534,Nguyen Ngoc Thien,19110148,28/05/2022,127.0.0.1,Suport Vector Machine
F,253,136,169,169,241,155,154,154,233,169,141,141,224,173,130,130,223,172,134,134,220,173,134,134,224,173,134,134,229,165,138,138,227,163,143,143,221,165,148,148,221,168,139,139,184,161,169,169,133,141,222,222,154,144,178,178,148,146,196,196,139,137,214,214,149,140,199,199,153,141,202,202,158,145,198,198,149,141,209,209,171,148,184,184,188,154,173,173,194,163,183,183,198,166,178,178,205,164,175,175,210,168,172,172,211,167,175,175,208,164,178,178,211,161,175,175,209,165,181,181,208,167,181,181,210,158,176,176,211,129,175,175,205,135,180,180,212,155,171,171,199,160,187,187,196,159,191,191,204,158,185,185,211,164,178,178,212,163,179,179,218,166,173,173,223,175,166,166,229,182,160,160,237,192,141,141,244,208,127,127,247,218,124,124,259,223,123,123,260,228,123,123,265,231,121,121,261,230,121,121,251,232,126,126,238,239,127,127,224,242,111,111,215,238,121,121,218,246,122,122,231,244,120,120,256,237,120,120,277,241,129,129,286,234,129,129,288,243,132,132,289,242,122,122,276,242,119,119,266,244,119,119,262,241,118,118,259,241,121,121,255,237,130,130,258,241,125,125,258,241,126,126,260,241,118,118,266,238,114,114,268,240,110,110,267,239,111,111,266,239,116,116,270,242,107,107,271,242,106,106,267,238,105,105,265,236,115,115,257,238,115,115,241,248,99,99,225,244,99,99,210,249,92,92,210,249,97,97,220,246,100,100,257,245,104,104,280,244,107,107,327,246,116,116,397,247,124,124,459,228,151,151,0,0,0,0,0,0,0,0,0,0,0,0,0,0,0,0,0,0,0,0,0,0,0,0,400,152,164,164,311,154,159,159,230,157,150,150,160,160,149,149,99,167,148,148,66,178,156,156,86,189,148,148,117,183,145,145,155,196,136,136,205,193,144,144,247,195,139,139,282,190,148,148,310,189,136,136,322,187,148,148,354,189,144,144,368,191,134,134,363,190,138,138,347,191,137,137,328,184,137,137,309,176,143,143,290,167,146,146,293,160,146,146,280,152,157,157,277,154,164,164,277,161,171,171,299,161,153,153,330,166,163,163,359,166,159,159,386,165,172,172,435,167,179,179,0,0,0,0,0,0,0,0,0,0,0,0,0,0,0,0,0,0,0,0,0,0,0,0,0,0,0,0,0,0,0,0,415,158,217,217,362,147,169,169,285,150,161,161,231,149,161,161,188,150,154,154,165,148,174,174,176,149,170,170,184,156,182,182,202,153,185,185,214,149,188,188,200,147,189,189,182,149,204,204,181,142,201,201,190,148,200,200,206,149,189,189,205,143,196,196,209,141,181,181,206,144,188,188,0365858975,Nguyen Ngoc Thien,19110148,28/05/2022,127.0.0.1,Suport Vector Machine
T,210,147,178,178,212,153,180,180,221,158,171,171,225,166,163,163,224,169,163,163,229,170,166,166,221,168,182,182,216,174,164,164,214,176,150,150,215,178,160,160,217,173,164,164,210,178,180,180,209,180,180,180,202,174,210,210,212,179,176,176,213,177,175,175,213,175,148,148,213,171,165,165,210,168,168,167,207,162,182,182,212,159,177,177,216,154,162,162,217,163,155,155,221,169,138,138,227,178,137,137,232,181,129,129,240,188,146,146,255,191,139,139,257,207,128,128,257,218,131,131,257,223,127,127,256,227,124,124,262,225,117,117,266,225,117,117,266,228,122,122,265,227,122,122,265,222,124,124,267,221,124,124,267,226,122,122,266,224,126,126,266,225,133,133,269,226,134,134,267,223,132,132,269,227,134,134,266,224,133,133,264,225,130,130,269,230,130,130,260,238,129,129,255,234,116,116,259,233,124,124,260,230,129,129,270,232,120,120,270,230,125,125,273,235,126,126,275,231,131,131,290,238,119,119,303,241,119,119,308,247,120,120,305,242,126,126,298,239,132,132,300,241,125,125,301,240,124,124,301,243,123,123,300,240,127,127,299,239,129,129,296,238,138,138,298,238,129,129,291,236,133,133,290,236,131,131,295,237,127,127,297,240,125,125,293,239,130,130,283,234,126,126,302,225,139,139,287,245,148,148,289,230,154,154,292,210,149,149,288,182,136,136,306,185,159,159,332,170,167,167,326,161,151,151,286,171,163,163,256,176,160,160,229,171,174,174,227,128,183,183,287,124,165,165,326,137,146,146,323,161,153,153,343,176,127,127,337,190,128,128,341,213,116,116,327,216,129,129,328,222,123,123,0,0,0,0,0,0,0,0,0,0,0,0,338,215,115,115,314,215,123,123,282,211,135,135,246,192,147,147,222,156,161,161,210,145,161,161,166,137,186,186,126,144,216,216,117,136,222,222,131,142,218,218,152,147,201,201,154,149,186,186,186,155,158,158,189,155,168,168,186,163,176,176,194,171,166,166,208,167,151,151,202,165,159,159,165,170,181,181,151,166,195,195,180,163,139,139,151,160,184,184,170,165,158,158,170,165,153,153,158,172,164,164,170,169,152,152,171,173,163,163,132,165,165,165,102,149,187,187,86,172,182,182,115,171,183,183,165,183,151,151,186,200,171,171,225,207,147,147,241,202,147,147,246,203,139,139,235,206,147,147,224,215,148,148,209,205,131,131,194,201,123,123,185,204,157,157,189,207,164,164,213,207,140,140,221,197,159,159,222,192,165,165,217,192,168,168,211,184,171,171,205,170,177,177,185,163,206,206,186,172,197,197,194,161,192,192,196,167,188,188,198,169,199,199,193,170,196,196,0365858975,Nguyen Ngoc Thien,19110148,28/05/2022,127.0.0.1,Suport Vector Machine
T,224,150,177,177,223,156,181,181,220,165,184,184,234,166,146,146,224,173,170,170,234,173,149,149,232,176,152,152,232,177,155,155,225,174,163,163,229,171,150,150,217,173,169,169,212,163,185,185,213,162,177,177,202,156,166,166,214,154,154,154,220,158,149,149,214,157,158,158,219,160,154,154,220,155,154,154,219,158,155,155,214,163,164,164,191,155,182,182,204,156,167,167,204,162,174,174,216,166,162,162,223,162,143,143,211,170,174,174,205,160,176,176,193,163,183,183,192,163,185,185,195,157,188,188,187,160,190,190,192,166,173,173,188,156,185,185,185,159,179,179,188,157,185,185,193,157,188,188,191,158,190,190,193,155,193,193,191,155,192,192,189,151,188,188,192,151,184,184,185,151,191,191,183,155,185,185,182,151,190,190,183,154,186,186,181,156,190,190,186,161,190,190,186,153,185,185,177,164,173,173,171,156,190,190,173,159,188,188,182,166,183,183,177,162,181,181,180,165,185,185,183,164,184,184,188,164,177,177,191,168,190,190,206,161,186,186,232,161,188,188,254,173,163,163,260,185,151,151,273,197,138,138,272,198,138,138,275,201,137,137,282,202,141,141,290,199,135,135,306,204,117,117,272,197,153,153,265,195,130,130,243,186,146,146,225,178,155,155,219,172,146,146,213,165,172,172,209,166,176,176,214,164,186,186,220,163,183,183,221,154,189,189,225,160,190,190,233,159,164,164,264,176,141,141,231,166,149,149,233,173,143,143,257,191,135,135,281,200,126,126,270,198,136,136,274,204,133,133,280,205,132,132,310,212,128,128,330,200,125,125,319,211,135,135,280,205,139,139,238,205,142,142,246,201,131,131,278,208,133,133,312,210,132,132,333,216,135,135,329,213,135,135,342,213,123,123,360,222,136,136,361,211,130,130,292,201,130,130,253,194,136,136,232,177,147,147,208,172,160,160,210,156,172,172,226,163,167,167,258,190,139,139,282,197,129,129,293,215,128,128,290,218,139,139,293,215,134,134,285,213,135,135,262,208,153,153,238,204,140,140,206,198,141,141,202,200,143,143,206,205,143,143,193,208,142,142,163,208,139,139,160,212,140,140,174,200,131,131,194,188,124,124,186,181,118,118,183,175,129,129,219,196,121,121,223,203,121,121,222,208,113,113,227,203,113,113,219,210,119,119,161,184,142,142,165,173,149,149,215,162,164,164,257,153,167,167,299,159,140,140,288,170,134,134,266,180,133,133,223,188,140,140,207,189,127,127,197,194,134,134,211,195,127,127,213,197,132,132,215,191,124,124,216,195,123,123,207,196,132,132,207,188,129,129,212,193,125,125,207,192,129,129,204,196,139,139,184,181,149,149,t4543,thiewe	,r34534	,28/05/2022,127.0.0.1,Suport Vector Machine
T,145,167,166,166,118,164,182,182,119,166,174,174,122,168,183,183,120,166,188,188,128,170,180,180,159,198,157,157,177,190,129,129,197,210,121,121,206,201,132,132,209,186,133,133,214,180,159,159,193,167,171,171,185,174,181,181,200,174,178,178,197,186,179,179,210,182,180,180,205,181,180,180,212,183,176,176,209,179,172,172,209,176,172,172,206,177,180,180,208,177,166,166,198,177,179,179,199,170,179,179,200,175,166,166,205,170,157,157,196,171,163,163,197,167,169,169,202,166,160,159,197,162,177,177,197,163,185,185,201,164,180,180,203,167,175,175,210,170,164,164,216,182,143,143,220,194,168,168,219,196,173,173,215,193,174,174,221,192,147,147,209,193,157,157,186,178,162,162,184,176,164,164,178,173,166,166,167,174,202,202,185,171,190,190,182,175,183,183,176,178,182,182,177,177,189,189,185,177,178,178,173,179,183,183,173,180,187,187,176,178,175,175,182,169,163,163,180,168,164,164,190,158,172,172,190,161,172,172,214,162,151,151,217,172,138,138,194,183,164,164,177,180,164,164,181,171,164,164,182,172,159,159,206,174,166,166,217,175,162,162,221,173,162,162,213,174,155,155,205,170,148,148,200,183,153,153,200,177,148,148,180,185,169,169,178,179,174,174,180,182,179,179,180,180,183,183,193,172,162,162,192,177,161,161,194,175,166,166,194,175,172,172,194,177,169,169,196,175,169,169,193,174,178,178,204,174,168,168,227,173,157,157,237,173,152,152,214,161,190,190,201,150,189,189,193,156,186,186,191,160,183,183,193,156,173,173,184,158,189,189,177,160,187,187,181,159,183,183,187,164,173,173,178,162,186,186,175,164,193,193,176,165,193,193,180,165,189,189,181,162,183,183,185,165,190,190,189,163,179,179,184,162,181,181,182,165,177,177,183,163,198,198,166,165,199,199,175,162,194,194,180,163,186,186,177,162,194,194,192,162,185,185,208,163,170,170,217,162,162,162,198,165,178,178,201,166,168,168,194,168,175,175,203,176,163,163,207,176,164,164,207,178,156,156,208,183,159,159,227,202,152,152,234,194,148,148,240,201,131,131,223,203,145,145,214,194,143,143,207,190,144,144,204,186,150,150,206,187,137,137,209,185,145,145,211,185,141,141,205,182,150,150,208,182,161,161,212,183,161,161,217,182,149,149,220,190,151,151,234,199,152,152,237,210,136,136,236,215,133,133,240,219,121,121,240,223,131,131,244,221,132,132,248,225,128,128,248,219,128,128,240,222,149,149,244,226,143,143,246,223,143,143,249,219,137,137,256,223,123,123,254,220,131,131,251,222,142,142,249,221,147,147,256,226,130,130,260,230,128,128,t4543,thiewe	,r34534	,28/05/2022,127.0.0.1,Suport Vector Machine
T,209,146,153,153,207,151,147,147,208,152,158,158,214,145,159,159,219,147,170,170,230,152,178,178,262,159,152,152,271,160,161,161,270,161,171,171,262,159,166,166,269,154,126,126,271,154,133,133,279,152,123,123,264,163,132,132,262,162,133,133,267,153,137,137,265,153,140,140,265,156,139,139,269,156,127,127,266,154,136,136,264,150,142,142,261,149,146,146,260,150,143,143,264,152,140,140,263,153,142,142,258,149,151,151,258,149,166,166,258,148,162,162,255,149,153,153,267,158,146,146,266,160,136,136,268,158,136,136,277,158,121,121,257,160,151,151,264,159,135,135,267,166,135,135,267,168,125,125,247,183,143,143,261,166,138,138,271,177,121,121,275,169,137,137,276,164,133,133,276,165,137,137,281,165,141,141,279,168,161,161,296,168,149,149,304,164,145,145,298,171,162,162,299,169,165,165,303,168,163,163,298,166,170,170,317,158,147,147,301,161,161,161,302,162,152,152,302,163,146,146,298,165,150,150,298,162,151,151,296,165,160,160,308,161,146,146,310,162,147,147,302,163,154,154,306,161,149,149,296,166,150,150,268,159,157,157,251,165,144,144,253,172,139,139,241,172,155,155,247,179,170,170,242,184,147,147,242,184,157,157,243,189,160,160,251,195,146,146,259,206,141,141,253,168,157,157,254,170,132,132,254,165,149,149,251,166,155,155,248,166,163,163,255,160,157,157,255,153,163,163,260,152,154,154,266,142,154,154,264,141,157,157,263,147,154,154,257,150,155,155,266,153,144,144,259,149,153,153,264,147,149,149,273,132,137,137,295,243,131,131,0,0,0,0,273,203,134,134,264,189,144,144,262,190,144,144,269,139,146,146,264,141,152,152,264,145,156,156,262,156,165,165,259,155,170,170,259,153,176,176,266,159,161,161,260,152,164,164,260,152,161,161,260,151,160,160,257,149,160,160,258,153,160,160,254,147,167,167,258,149,163,163,259,151,165,165,260,149,163,163,259,152,164,164,261,155,161,161,260,155,161,161,261,154,158,158,259,153,159,159,260,154,159,159,258,155,158,158,258,156,157,157,258,156,158,158,259,156,159,159,262,159,157,157,262,157,157,157,260,158,159,159,260,156,164,164,265,161,158,158,263,157,159,159,258,155,165,165,257,152,157,157,250,150,152,152,245,152,156,156,246,153,152,152,246,155,151,151,250,157,148,148,246,153,160,160,259,152,156,156,256,151,164,164,258,154,156,156,262,151,155,155,260,148,157,157,261,151,155,155,261,148,156,156,253,149,155,155,257,150,154,154,263,153,149,149,265,154,149,149,266,157,147,147,265,154,153,153,262,155,158,158,247,152,155,155,191,161,161,161,0365858975,Nguyen Ngoc Thien,19110148,28/05/2022,127.0.0.1,Suport Vector Machine
